{
    "AWSTemplateFormatVersion": "2010-09-09",
    "Description": "This template creates an AWS Managed Microsoft AD directory. Tasks accomplished, (1) create AWS Managed Microsoft AD directory (2) option to create seamless domain join resources for Windows & Linux EC2 instances (3) option to create a domain members security group that allows all PrivateIP communications inbound (4) option to create DHCPOptionSet pointing to AWS Managed Microsoft AD DNS servers",
    "Metadata": {
        "AWS::CloudFormation::Interface": {
            "ParameterGroups": [
                {
                    "Label": "Network Configuration",
                    "Parameters": [
                        "VPCID",
                        "PrivateSubnet1ID",
                        "PrivateSubnet2ID",
                        "CreateDomainMembersSG",
                        "CreateDHCPOptionSet"
                    ]
                },
                {
                    "Label": {
                        "default": "AWS Managed Microsoft AD Configuration"
                    },
                    "Parameters": [
                        "AWSManagedADDomainDNSName",
                        "AWSManagedADDomainNetBiosName",
                        "AWSManagedADEdition",
                        "SecretsManagerDomainCredentialsSecretsKMSKey",
                        "CreateWindowsEC2DomainJoinResources",
                        "CreateLinuxEC2DomainJoinResources",
                        "SSMLogsBucketName"
                    ]
                }
            ],
            "ParameterLabels": {
                "AWSManagedADDomainDNSName": {
                    "default": "AWS Managed Microsoft AD Domain DNS Name"
                },
                "AWSManagedADDomainNetBiosName": {
                    "default": "AWS Managed Microsoft AD Domain NetBIOS Name"
                },
                "AWSManagedADEdition": {
                    "default": "AWS Managed Microsoft AD Edition"
                },
                "CreateDHCPOptionSet": {
                    "default": "Create DHCP Option Set"
                },
                "CreateDomainMembersSG": {
                    "default": "Create Domain Members Security Group"
                },
                "CreateLinuxEC2DomainJoinResources": {
                    "default": "Create AWS resources to support seamless domain join Linux EC2 instances"
                },
                "CreateWindowsEC2DomainJoinResources": {
                    "default": "Create AWS resources to support seamless domain join Windows EC2 instances"
                },
                "PrivateSubnet1ID": {
                    "default": "Private Subnet 1 ID"
                },
                "PrivateSubnet2ID": {
                    "default": "Private Subnet 2 ID"
                },
                "SecretsManagerDomainCredentialsSecretsKMSKey": {
                    "default": "Secrets Manager KMS Key for domain credentials secret"
                },
                "SSMLogsBucketName": {
                    "default": "Systems Manager (SSM) Logs Bucket Name"
                },
                "VPCID": {
                    "default": "VPC ID"
                }
            }
        }
    },
    "Parameters": {
        "AWSManagedADDomainDNSName": {
            "Description": "Fully qualified domain name for the AWS Managed Microsoft AD directory, such as corp.example.com.",
            "Type": "String",
            "Default": "awsmad.lab",
            "AllowedPattern": "[a-zA-Z0-9-]+\\..+"
        },
        "AWSManagedADDomainNetBiosName": {
            "Description": "NetBIOS name for your domain, such as CORP.",
            "Type": "String",
            "Default": "AWSMAD",
            "AllowedPattern": "[a-zA-Z0-9-]+",
            "MaxLength": 15,
            "MinLength": 1
        },
        "AWSManagedADEdition": {
            "Description": "AWS Managed AD Edition. Standard supports up to 30,000+ directory objects. Enterprise supports up to 500,000+ directory objects.",
            "Type": "String",
            "AllowedValues": [
                "Standard",
                "Enterprise"
            ],
            "Default": "Standard"
        },
        "CreateDHCPOptionSet": {
            "Description": "Create DHCP Option Set",
            "Type": "String",
            "AllowedValues": [
                "Yes",
                "No"
            ],
            "Default": "No"
        },
        "CreateDomainMembersSG": {
            "Description": "Create Domain Members Security Group. Note, using allow any type rules, restrict accordingly.",
            "Type": "String",
            "AllowedValues": [
                "Yes",
                "No"
            ],
            "Default": "No"
        },
        "CreateLinuxEC2DomainJoinResources": {
            "Description": "Create AWS resources (IAM role, instance profile, & secret) to support seamless domain join Linux EC2 instances",
            "Type": "String",
            "AllowedValues": [
                "Yes",
                "No"
            ],
            "Default": "No"
        },
        "CreateWindowsEC2DomainJoinResources": {
            "Description": "Create AWS resources (IAM role & instnace profile)to support seamless domain join Windows EC2 instances",
            "Type": "String",
            "AllowedValues": [
                "Yes",
                "No"
            ],
            "Default": "No"
        },
        "PrivateSubnet1ID": {
            "Description": "ID of the private subnet 1 in Availability Zone 1 (e.g., subnet-a0246dcd)",
            "Type": "AWS::EC2::Subnet::Id"
        },
        "PrivateSubnet2ID": {
            "Description": "ID of the private subnet 2 in Availability Zone 2 (e.g., subnet-a0246dcd)",
            "Type": "AWS::EC2::Subnet::Id"
        },
        "SecretsManagerDomainCredentialsSecretsKMSKey": {
            "Description": "(Optional) KMS Key ARN to use for encrypting the SecretsManager domain credentials secret. If empty, encryption is enabled with SecretsManager managing the server-side encryption keys.",
            "Type": "String"
        },
        "SSMLogsBucketName": {
            "Description": "(Optional) SSM Logs bucket name for where Systems Manager logs should store log files. SSM Logs bucket name can include numbers, lowercase letters, uppercase letters, and hyphens (-). It cannot start or end with a hyphen (-).",
            "Type": "String",
            "Default": "",
            "AllowedPattern": "^$|(?=^.{3,63}$)(?!.*[.-]{2})(?!.*[--]{2})(?!^(?:(25[0-5]|2[0-4][0-9]|1[0-9]{2}|[1-9]?[0-9])(\\.(?!$)|$)){4}$)(^(([a-z0-9]|[a-z0-9][a-z0-9\\-]*[a-z0-9])\\.)*([a-z0-9]|[a-z0-9][a-z0-9\\-]*[a-z0-9])$)",
            "ConstraintDescription": "SSM Logs bucket name can include numbers, lowercase letters, uppercase letters, and hyphens (-). It cannot start or end with a hyphen (-)."
        },
        "VPCID": {
            "Description": "ID of the VPC (e.g., vpc-0343606e)",
            "Type": "AWS::EC2::VPC::Id"
        }
    },
    "Conditions": {
        "DHCPOptionSetCondition": {
            "Fn::Equals": [
                {
                    "Ref": "CreateDHCPOptionSet"
                },
                "Yes"
            ]
        },
        "DomainMembersSGCondition": {
            "Fn::Equals": [
                {
                    "Ref": "CreateDomainMembersSG"
                },
                "Yes"
            ]
        },
        "LinuxEC2DomainJoinResourcesCondition": {
            "Fn::Equals": [
                {
                    "Ref": "CreateLinuxEC2DomainJoinResources"
                },
                "Yes"
            ]
        },
        "SecretsManagerDomainCredentialsSecretsKMSKeyCondition": {
            "Fn::Not": [
                {
                    "Fn::Equals": [
                        {
                            "Ref": "SecretsManagerDomainCredentialsSecretsKMSKey"
                        },
                        ""
                    ]
                }
            ]
        },
        "SSMLogsBucketNameCondition": {
            "Fn::Not": [
                {
                    "Fn::Equals": [
                        {
                            "Ref": "SSMLogsBucketName"
                        },
                        ""
                    ]
                }
            ]
        },
        "WindowsEC2DomainJoinResourcesCondition": {
            "Fn::Equals": [
                {
                    "Ref": "CreateWindowsEC2DomainJoinResources"
                },
                "Yes"
            ]
        }
    },
    "Resources": {
        "AWSManagedAD": {
            "Type": "AWS::DirectoryService::MicrosoftAD",
            "Properties": {
                "Name": {
                    "Ref": "AWSManagedADDomainDNSName"
                },
                "ShortName": {
                    "Ref": "AWSManagedADDomainNetBiosName"
                },
                "Password": "{{resolve:secretsmanager:AWSManagedADAdminPassword:SecretString:password}}",
                "Edition": {
                    "Ref": "AWSManagedADEdition"
                },
                "VpcSettings": {
                    "SubnetIds": [
                        {
                            "Ref": "PrivateSubnet1ID"
                        },
                        {
                            "Ref": "PrivateSubnet2ID"
                        }
                    ],
                    "VpcId": {
                        "Ref": "VPCID"
                    }
                }
            }
        },
        "AWSManagedADDomainMembersSG": {
            "Type": "AWS::EC2::SecurityGroup",
            "Metadata": {
                "cfn_nag": {
                    "rules_to_suppress": [
                        {
                            "id": "W42",
                            "reason": "Allow all inbound communications from Private IP CIDRs (for Lab purposes)"
                        },
                        {
                            "id": "W40",
                            "reason": "Allow all outbound communications (for Lab purposes)"
                        },
                        {
                            "id": "W5",
                            "reason": "Allow all outbound communications (for Lab purposes)"
                        },
                        {
                            "id": "W9",
                            "reason": "Allow all inbound communications from Private IP CIDRs (for Lab purposes)"
                        }
                    ]
                }
            },
            "Properties": {
                "GroupDescription": {
                    "Fn::Sub": "${AWSManagedADDomainNetBiosName} Domain Members SG via AWS Managed Microsoft AD"
                },
                "VpcId": {
                    "Ref": "VPCID"
                },
                "SecurityGroupIngress": [
                    {
                        "IpProtocol": "-1",
                        "Description": "LAB - Allow All Private IP Communications",
                        "CidrIp": "10.0.0.0/8"
                    },
                    {
                        "IpProtocol": "-1",
                        "Description": "LAB - Allow All Private IP Communications",
                        "CidrIp": "172.16.0.0/12"
                    },
                    {
                        "IpProtocol": "-1",
                        "Description": "LAB - Allow All Private IP Communications",
                        "CidrIp": "192.168.0.0/16"
                    }
                ],
                "SecurityGroupEgress": [
                    {
                        "Description": "Allow All Outbound Communications",
                        "IpProtocol": "-1",
                        "CidrIp": "0.0.0.0/0"
                    }
                ],
                "Tags": [
                    {
                        "Key": "Name",
                        "Value": {
                            "Fn::Sub": "${AWSManagedADDomainNetBiosName}-DomainMembersSG-AWSManagedAD"
                        }
                    }
                ]
            },
            "Condition": "DomainMembersSGCondition"
        },
        "AWSManagedADLinuxEC2DomainJoinInstanceProfile": {
            "Type": "AWS::IAM::InstanceProfile",
            "Properties": {
                "InstanceProfileName": {
                    "Ref": "AWSManagedADLinuxEC2DomainJoinRole"
                },
                "Path": "/",
                "Roles": [
                    {
                        "Ref": "AWSManagedADLinuxEC2DomainJoinRole"
                    }
                ]
            },
            "Condition": "LinuxEC2DomainJoinResourcesCondition"
        },
        "AWSManagedADLinuxEC2DomainJoinRole": {
            "Type": "AWS::IAM::Role",
            "Metadata": {
                "cfn_nag": {
                    "rules_to_suppress": [
                        {
                            "id": "W28",
                            "reason": "The role name is defined to identify automation resources"
                        }
                    ]
                }
            },
            "Properties": {
                "RoleName": {
                    "Fn::Sub": "${AWSManagedADDomainNetBiosName}-LinuxEC2DomainJoinRole-AWSManagedAD"
                },
                "Description": {
                    "Fn::Sub": "IAM Role to Seamlessly Join Linux EC2 Instances to ${AWSManagedADDomainNetBiosName} Domain via AWS Managed Microsoft AD"
                },
                "AssumeRolePolicyDocument": {
                    "Version": "2012-10-17",
                    "Statement": [
                        {
                            "Effect": "Allow",
                            "Action": "sts:AssumeRole",
                            "Principal": {
                                "Service": [
                                    "ec2.amazonaws.com"
                                ]
                            }
                        }
                    ]
                },
                "ManagedPolicyArns": [
                    {
                        "Fn::Sub": "arn:${AWS::Partition}:iam::aws:policy/AmazonSSMManagedInstanceCore"
                    },
                    {
                        "Fn::Sub": "arn:${AWS::Partition}:iam::aws:policy/AmazonSSMDirectoryServiceAccess"
                    }
                ],
                "Path": "/",
                "Tags": [
                    {
                        "Key": "StackName",
                        "Value": {
                            "Ref": "AWS::StackName"
                        }
                    }
                ],
                "Policies": [
                    {
                        "PolicyName": "SSMAgent",
                        "PolicyDocument": {
                            "Version": "2012-10-17",
                            "Statement": [
                                {
                                    "Effect": "Allow",
                                    "Action": "s3:GetObject",
                                    "Resource": [
                                        {
                                            "Fn::Sub": "arn${AWS::Partition}s3:::aws-ssm-${AWS::Region}/*"
                                        },
                                        {
                                            "Fn::Sub": "arn${AWS::Partition}s3:::aws-windows-downloads-${AWS::Region}/*"
                                        },
                                        {
                                            "Fn::Sub": "arn${AWS::Partition}s3:::amazon-ssm-${AWS::Region}/*"
                                        },
                                        {
                                            "Fn::Sub": "arn${AWS::Partition}s3:::amazon-ssm-packages-${AWS::Region}/*"
                                        },
                                        {
                                            "Fn::Sub": "arn${AWS::Partition}s3:::${AWS::Region}-birdwatcher-prod/*"
                                        },
                                        {
                                            "Fn::Sub": "arn${AWS::Partition}s3:::patch-baseline-snapshot-${AWS::Region}/*"
                                        },
                                        {
                                            "Fn::Sub": "arn${AWS::Partition}s3:::aws-ssm-distributor-file-${AWS::Region}/*"
                                        },
                                        {
                                            "Fn::Sub": "arn${AWS::Partition}s3:::aws-ssm-document-attachments-${AWS::Region}/*"
                                        }
                                    ]
                                }
                            ]
                        }
                    },
                    {
                        "Fn::If": [
                            "SSMLogsBucketNameCondition",
                            {
                                "PolicyName": "SsmLogs",
                                "PolicyDocument": {
                                    "Version": "2012-10-17",
                                    "Statement": [
                                        {
                                            "Effect": "Allow",
                                            "Action": [
                                                "s3:GetObject",
                                                "s3:PutObject",
                                                "s3:PutObjectAcl",
                                                "s3:GetEncryptionConfiguration"
                                            ],
                                            "Resource": [
                                                {
                                                    "Fn::Sub": "arn${AWS::Partition}s3:::${SSMLogsBucketName}"
                                                },
                                                {
                                                    "Fn::Sub": "arn${AWS::Partition}s3:::${SSMLogsBucketName}/*"
                                                }
                                            ]
                                        }
                                    ]
                                }
                            },
                            {
                                "Ref": "AWS::NoValue"
                            }
                        ]
                    },
                    {
                        "PolicyName": "AWSManagedADLinuxEC2SeamlessDomainJoinSecret",
                        "PolicyDocument": {
                            "Version": "2012-10-17",
                            "Statement": [
                                {
                                    "Effect": "Allow",
                                    "Action": [
                                        "secretsmanager:GetSecretValue",
                                        "secretsmanager:DescribeSecret"
                                    ],
                                    "Resource": {
                                        "Ref": "AWSManagedADLinuxEC2SeamlessDomainJoinSecret"
                                    }
                                }
                            ]
                        }
                    },
                    {
                        "Fn::If": [
                            "SecretsManagerDomainCredentialsSecretsKMSKeyCondition",
                            {
                                "PolicyName": "KMSKeyForSecret",
                                "PolicyDocument": {
                                    "Version": "2012-10-17",
                                    "Statement": [
                                        {
                                            "Effect": "Allow",
                                            "Action": "kms:Decrypt",
                                            "Resource": {
                                                "Ref": "SecretsManagerDomainCredentialsSecretsKMSKey"
                                            }
                                        }
                                    ]
                                }
                            },
                            {
                                "Ref": "AWS::NoValue"
                            }
                        ]
                    }
                ]
            },
            "Condition": "LinuxEC2DomainJoinResourcesCondition"
        },
        "AWSManagedADLinuxEC2SeamlessDomainJoinSecret": {
            "Type": "AWS::SecretsManager::Secret",
            "Properties": {
                "Name": {
                    "Fn::Sub": "aws/directory-services/${AWSManagedAD}/seamless-domain-join"
                },
                "Description": {
                    "Fn::Sub": "AD Credentials for Seamless Domain Join Windows/Linux EC2 instances to ${AWSManagedADDomainNetBiosName} Domain via AWS Managed Microsoft AD"
                },
                "SecretString": "{ \"awsSeamlessDomainUsername\" : \"Admin\", \"awsSeamlessDomainPassword\" : \"{{resolve:secretsmanager:AWSManagedADAdminPassword:SecretString:password}}\" }",
                "KmsKeyId": {
                    "Fn::If": [
                        "SecretsManagerDomainCredentialsSecretsKMSKeyCondition",
                        {
                            "Ref": "SecretsManagerDomainCredentialsSecretsKMSKey"
                        },
                        {
                            "Ref": "AWS::NoValue"
                        }
                    ]
                }
            },
            "Condition": "LinuxEC2DomainJoinResourcesCondition"
        },
        "AWSManagedADWindowsEC2DomainJoinInstanceProfile": {
            "Type": "AWS::IAM::InstanceProfile",
            "Properties": {
                "InstanceProfileName": {
                    "Ref": "AWSManagedADWindowsEC2DomainJoinRole"
                },
                "Path": "/",
                "Roles": [
                    {
                        "Ref": "AWSManagedADWindowsEC2DomainJoinRole"
                    }
                ]
            },
            "Condition": "WindowsEC2DomainJoinResourcesCondition"
        },
        "AWSManagedADWindowsEC2DomainJoinRole": {
            "Type": "AWS::IAM::Role",
            "Metadata": {
                "cfn_nag": {
                    "rules_to_suppress": [
                        {
                            "id": "W28",
                            "reason": "The role name is defined to identify automation resources"
                        }
                    ]
                }
            },
            "Properties": {
                "RoleName": {
                    "Fn::Sub": "${AWSManagedADDomainNetBiosName}-AWSManagedAD-WindowsEC2DomainJoinRole"
                },
                "Description": {
                    "Fn::Sub": "IAM Role to Seamlessly Join Windows EC2 Instances to ${AWSManagedADDomainDNSName} Domain via AWS Managed Microsoft AD"
                },
                "AssumeRolePolicyDocument": {
                    "Version": "2012-10-17",
                    "Statement": [
                        {
                            "Effect": "Allow",
                            "Action": "sts:AssumeRole",
                            "Principal": {
                                "Service": [
                                    "ec2.amazonaws.com"
                                ]
                            }
                        }
                    ]
                },
                "ManagedPolicyArns": [
                    {
                        "Fn::Sub": "arn:${AWS::Partition}:iam::aws:policy/AmazonSSMManagedInstanceCore"
                    },
                    {
                        "Fn::Sub": "arn:${AWS::Partition}:iam::aws:policy/AmazonSSMDirectoryServiceAccess"
                    }
                ],
                "Path": "/",
                "Tags": [
                    {
                        "Key": "StackName",
                        "Value": {
                            "Ref": "AWS::StackName"
                        }
                    }
                ],
                "Policies": [
                    {
                        "PolicyName": "SSMAgent",
                        "PolicyDocument": {
                            "Version": "2012-10-17",
                            "Statement": [
                                {
                                    "Effect": "Allow",
                                    "Action": "s3:GetObject",
                                    "Resource": [
                                        {
                                            "Fn::Sub": "arn:${AWS::Partition}:s3:::aws-ssm-${AWS::Region}/*"
                                        },
                                        {
                                            "Fn::Sub": "arn:${AWS::Partition}:s3:::aws-windows-downloads-${AWS::Region}/*"
                                        },
                                        {
                                            "Fn::Sub": "arn:${AWS::Partition}:s3:::amazon-ssm-${AWS::Region}/*"
                                        },
                                        {
                                            "Fn::Sub": "arn:${AWS::Partition}:s3:::amazon-ssm-packages-${AWS::Region}/*"
                                        },
                                        {
                                            "Fn::Sub": "arn:${AWS::Partition}:s3:::${AWS::Region}-birdwatcher-prod/*"
                                        },
                                        {
                                            "Fn::Sub": "arn:${AWS::Partition}:s3:::patch-baseline-snapshot-${AWS::Region}/*"
                                        },
                                        {
                                            "Fn::Sub": "arn:${AWS::Partition}:s3:::aws-ssm-distributor-file-${AWS::Region}/*"
                                        },
                                        {
                                            "Fn::Sub": "arn:${AWS::Partition}:s3:::aws-ssm-document-attachments-${AWS::Region}/*"
                                        }
                                    ]
                                }
                            ]
                        }
                    },
                    {
                        "Fn::If": [
                            "SSMLogsBucketNameCondition",
                            {
                                "PolicyName": "SsmLogs",
                                "PolicyDocument": {
                                    "Version": "2012-10-17",
                                    "Statement": [
                                        {
                                            "Effect": "Allow",
                                            "Action": [
                                                "s3:GetObject",
                                                "s3:PutObject",
                                                "s3:PutObjectAcl",
                                                "s3:GetEncryptionConfiguration"
                                            ],
                                            "Resource": [
                                                {
                                                    "Fn::Sub": "arn:${AWS::Partition}:s3:::${SSMLogsBucketName}"
                                                },
                                                {
                                                    "Fn::Sub": "arn:${AWS::Partition}:s3:::${SSMLogsBucketName}/*"
                                                }
                                            ]
                                        }
                                    ]
                                }
                            },
                            {
                                "Ref": "AWS::NoValue"
                            }
                        ]
                    }
                ]
            },
            "Condition": "WindowsEC2DomainJoinResourcesCondition"
        },
        "DHCPOptions": {
            "Type": "AWS::EC2::DHCPOptions",
            "Properties": {
                "DomainName": {
                    "Ref": "AWSManagedADDomainDNSName"
                },
                "DomainNameServers": {
                    "Fn::GetAtt": [
                        "AWSManagedAD",
                        "DnsIpAddresses"
                    ]
                },
                "Tags": [
                    {
                        "Key": "Name",
                        "Value": {
                            "Ref": "AWSManagedADDomainDNSName"
                        }
                    }
                ]
            },
            "Condition": "DHCPOptionSetCondition"
        },
        "DHCPOptionsVPCAssociation": {
            "Type": "AWS::EC2::VPCDHCPOptionsAssociation",
            "Properties": {
                "VpcId": {
                    "Ref": "VPCID"
                },
                "DhcpOptionsId": {
                    "Ref": "DHCPOptions"
                }
            },
            "Condition": "DHCPOptionSetCondition"
        }
    },
    "Outputs": {
        "AWSManagedADDirectoryId": {
            "Description": "AWS Managed Microsoft AD Directory ID",
            "Value": {
                "Ref": "AWSManagedAD"
            },
            "Export": {
                "Name": {
                    "Fn::Sub": "${AWS::StackName}-AWSManagedADDirectoryId"
                }
            }
        },
        "AWSManagedADDirectoryName": {
            "Description": "AWS Managed Microsoft AD Directory Name",
            "Value": {
                "Ref": "AWSManagedADDomainDNSName"
            },
            "Export": {
                "Name": {
                    "Fn::Sub": "${AWS::StackName}-AWSManagedADDirectoryName"
                }
            }
        },
        "AWSManagedADAWSManagedADDomainMembersSG": {
            "Description": "AWS Managed Microsoft AD Domain Members Security Group",
            "Value": {
                "Ref": "AWSManagedADDomainMembersSG"
            },
            "Export": {
                "Name": {
                    "Fn::Sub": "${AWS::StackName}-${AWSManagedADDomainNetBiosName}-AWSManagedADDomainMembersSG"
                }
            },
            "Condition": "DomainMembersSGCondition"
        },
        "AWSManagedADWindowsEC2SeamlessDomainJoinInstanceProfile": {
            "Description": "IAM Instance Profile with SSM Document Rights to Join Windows Computers via AWS Managed Microsoft AD",
            "Value": {
                "Ref": "AWSManagedADWindowsEC2DomainJoinInstanceProfile"
            },
            "Export": {
                "Name": {
                    "Fn::Sub": "${AWS::StackName}-${AWSManagedADDomainNetBiosName}-AWSManagedADWindowsEC2DomainJoinProfile"
                }
            },
            "Condition": "WindowsEC2DomainJoinResourcesCondition"
        },
        "AWSManagedADWindowsEC2SeamlessDomainJoinRole": {
            "Description": "IAM Instance Profile with SSM Document Rights to Join Windows Computers via AWS Managed Microsoft AD",
            "Value": {
                "Ref": "AWSManagedADWindowsEC2DomainJoinRole"
            },
            "Export": {
                "Name": {
                    "Fn::Sub": "${AWS::StackName}-${AWSManagedADDomainNetBiosName}-AWSManagedADWindowsEC2DomainJoinRole"
                }
            },
            "Condition": "WindowsEC2DomainJoinResourcesCondition"
        },
        "AWSManagedADLinuxEC2SeamlessDomainJoinInstanceProfile": {
            "Description": "IAM Instance Profile with SSM Document Rights to Join Linux Computers via AWS Managed Microsoft AD",
            "Value": {
                "Ref": "AWSManagedADLinuxEC2DomainJoinInstanceProfile"
            },
            "Export": {
                "Name": {
                    "Fn::Sub": "${AWS::StackName}-${AWSManagedADDomainNetBiosName}-AWSManagedADLinuxEC2DomainJoinProfile"
                }
            },
            "Condition": "LinuxEC2DomainJoinResourcesCondition"
        },
        "AWSManagedADLinuxEC2SeamlessDomainJoinRole": {
            "Description": "IAM Instance Profile with SSM Document Rights to Join Linux Computers via AWS Managed Microsoft AD",
            "Value": {
                "Ref": "AWSManagedADLinuxEC2DomainJoinRole"
            },
            "Export": {
                "Name": {
                    "Fn::Sub": "${AWS::StackName}-${AWSManagedADDomainNetBiosName}-AWSManagedADLinuxEC2DomainJoinRole"
                }
            },
            "Condition": "LinuxEC2DomainJoinResourcesCondition"
        }
    }
}
