{
    "AWSTemplateFormatVersion": "2010-09-09",
    "Description": "This template creates an AD Connector to connect to an on-premises directory. Tasks accomplished, (1) create AD Connector (2) option to create seamless domain join resources for Windows & Linux EC2 instances (3) option to create a domain members security group that allows all PrivateIP communications inbound (4) option to create DHCPOptionSet pointing to Domain DNS servers",
    "Metadata": {
        "cfn-lint": {
            "config": {
                "ignore_checks": [
                    "W1001"
                ]
            }
        },
        "AWS::CloudFormation::Interface": {
            "ParameterGroups": [
                {
                    "Label": "Network Configuration",
                    "Parameters": [
                        "VPCID",
                        "PrivateSubnet1ID",
                        "PrivateSubnet2ID",
                        "CreateADConnectorDomainMembersSG",
                        "CreateDHCPOptionSet"
                    ]
                },
                {
                    "Label": {
                        "default": "Active Directory Configuration (Onprem)"
                    },
                    "Parameters": [
                        "DomainDNSName",
                        "DomainNetBiosName",
                        "DomainJoinUser",
                        "DomainJoinUserPassword",
                        "DomainDNSServers",
                        "SecretsManagerDomainCredentialsSecretsKMSKey"
                    ]
                },
                {
                    "Label": {
                        "default": "AD Connector Configuration"
                    },
                    "Parameters": [
                        "ADConnectorSize",
                        "ADConnectorDescription",
                        "CreateWindowsEC2DomainJoinResources",
                        "CreateLinuxEC2DomainJoinResources",
                        "SSMLogsBucketName"
                    ]
                },
                {
                    "Label": {
                        "default": "Lambda Function Configuration (AD Connector Custom Resource)"
                    },
                    "Parameters": [
                        "LambdaFunctionName",
                        "LambdaS3BucketName",
                        "LambdaZipFileName",
                        "LambdaLogsLogGroupRetention",
                        "LambdaLogsCloudWatchKMSKey",
                        "LambdaLogLevel"
                    ]
                }
            ],
            "ParameterLabels": {
                "ADConnectorDescription": {
                    "default": "AD Connector Description"
                },
                "ADConnectorSize": {
                    "default": "AD Connector Size"
                },
                "CreateDHCPOptionSet": {
                    "default": "Create DHCP Option Set"
                },
                "CreateADConnectorDomainMembersSG": {
                    "default": "Create Domain Members Security Group"
                },
                "CreateLinuxEC2DomainJoinResources": {
                    "default": "Create AWS resources to support seamless domain join Linux EC2 instances"
                },
                "CreateWindowsEC2DomainJoinResources": {
                    "default": "Create AWS resources to support seamless domain join Windows EC2 instances"
                },
                "DomainDNSName": {
                    "default": "Domain DNS Name"
                },
                "DomainDNSServers": {
                    "default": "Domain DNS Servers"
                },
                "DomainNetBiosName": {
                    "default": "Domain NetBIOS Name"
                },
                "DomainJoinUser": {
                    "default": "Domain Join User"
                },
                "DomainJoinUserPassword": {
                    "default": "Domain Join User Password"
                },
                "LambdaFunctionName": {
                    "default": "Lambda Function Name"
                },
                "LambdaLogLevel": {
                    "default": "Lambda Log Level"
                },
                "LambdaLogsLogGroupRetention": {
                    "default": "CloudWatch log retention days for Lambda logs"
                },
                "LambdaLogsCloudWatchKMSKey": {
                    "default": "CloudWatch Logs KMS Key for Lambda logs"
                },
                "LambdaS3BucketName": {
                    "default": "Lambda S3 Bucket Name"
                },
                "LambdaZipFileName": {
                    "default": "Lambda Zip File Name"
                },
                "PrivateSubnet1ID": {
                    "default": "Private Subnet 1 ID"
                },
                "PrivateSubnet2ID": {
                    "default": "Private Subnet 2 ID"
                },
                "SecretsManagerDomainCredentialsSecretsKMSKey": {
                    "default": "Secrets Manager KMS Key for domain credentials secret"
                },
                "SSMLogsBucketName": {
                    "default": "Systems Manager (SSM) Logs Bucket Name"
                },
                "VPCID": {
                    "default": "VPC ID"
                }
            }
        }
    },
    "Parameters": {
        "ADConnectorDescription": {
            "Description": "Description for the directory",
            "Type": "String",
            "Default": "On-premises AD",
            "AllowedPattern": "^[A-Za-z0-9][\\w@#%*+=:?.\\/! -]*$",
            "MaxLength": 128
        },
        "ADConnectorSize": {
            "Description": "Size of the directory",
            "Type": "String",
            "AllowedValues": [
                "Small",
                "Large"
            ],
            "Default": "Small"
        },
        "CreateDHCPOptionSet": {
            "Description": "Create DHCP Option Set",
            "Type": "String",
            "AllowedValues": [
                "Yes",
                "No"
            ],
            "Default": "No"
        },
        "CreateADConnectorDomainMembersSG": {
            "Description": "Create Domain Members Security Group. Note, using allow any type rules, restrict accordingly.",
            "Type": "String",
            "AllowedValues": [
                "Yes",
                "No"
            ],
            "Default": "No"
        },
        "CreateLinuxEC2DomainJoinResources": {
            "Description": "Create AWS resources (IAM role, instance profile, & secret) to support seamless domain join Linux EC2 instances",
            "Type": "String",
            "AllowedValues": [
                "Yes",
                "No"
            ],
            "Default": "No"
        },
        "CreateWindowsEC2DomainJoinResources": {
            "Description": "Create AWS resources (IAM role & instnace profile)to support seamless domain join Windows EC2 instances",
            "Type": "String",
            "AllowedValues": [
                "Yes",
                "No"
            ],
            "Default": "No"
        },
        "DomainDNSName": {
            "Description": "Fully qualified name of the on-premises directory, such as corp.example.com",
            "Type": "String",
            "AllowedPattern": "[a-zA-Z0-9-]+\\..+",
            "MaxLength": 25,
            "MinLength": 3
        },
        "DomainDNSServers": {
            "Description": "DNS or domain controller servers for the on-premises directory.",
            "Type": "String",
            "AllowedPattern": "^(([0-9]|[1-9][0-9]|1[0-9]{2}|2[0-4][0-9]|25[0-5])\\.){3}([0-9]|[1-9][0-9]|1[0-9]{2}|2[0-4][0-9]|25[0-5])$|^((([0-9]|[1-9][0-9]|1[0-9]{2}|2[0-4][0-9]|25[0-5])\\.){3}([0-9]|[1-9][0-9]|1[0-9]{2}|2[0-4][0-9]|25[0-5])(,|, ))*(([0-9]|[1-9][0-9]|1[0-9]{2}|2[0-4][0-9]|25[0-5])\\.){3}([0-9]|[1-9][0-9]|1[0-9]{2}|2[0-4][0-9]|25[0-5])$",
            "ConstraintDescription": "Must be in the form of IP address. Additional IP addresses can be provided, separated by a \"comma\". (e.g., 10.1.1.1,10.2.2.2) Additional IP addresses can be provided, separated by a \"comma\"."
        },
        "DomainNetBiosName": {
            "Description": "Short name of your existing directory, such as CORP",
            "Type": "String",
            "AllowedPattern": "[a-zA-Z0-9-]+",
            "MaxLength": 15,
            "MinLength": 1
        },
        "DomainJoinUser": {
            "Description": "Username of a user in the existing directory",
            "Type": "String",
            "AllowedPattern": "[a-zA-Z0-9]*",
            "MaxLength": 25,
            "MinLength": 5
        },
        "DomainJoinUserPassword": {
            "Description": "Password for the existing user account",
            "Type": "String",
            "AllowedPattern": "(?=^.{6,255}$)((?=.*\\d)(?=.*[A-Z])(?=.*[a-z])|(?=.*\\d)(?=.*[^A-Za-z0-9])(?=.*[a-z])|(?=.*[^A-Za-z0-9])(?=.*[A-Z])(?=.*[a-z])|(?=.*\\d)(?=.*[A-Z])(?=.*[^A-Za-z0-9]))^.*",
            "MaxLength": 32,
            "MinLength": 8,
            "NoEcho": true
        },
        "LambdaFunctionName": {
            "Description": "Lambda Function Name for Custom Resource.",
            "Type": "String",
            "Default": "CR-ADConnector",
            "AllowedPattern": "^[\\w-]{1,64}$",
            "ConstraintDescription": "Max 64 alphanumeric characters. Also special characters supported [_, -]"
        },
        "LambdaLogLevel": {
            "Description": "Lambda logging level",
            "Type": "String",
            "AllowedValues": [
                "INFO",
                "DEBUG"
            ],
            "Default": "INFO"
        },
        "LambdaLogsLogGroupRetention": {
            "Description": "Specifies the number of days you want to retain Lambda log events in the CloudWatch Logs",
            "Type": "String",
            "AllowedValues": [
                1,
                3,
                5,
                7,
                14,
                30,
                60,
                90,
                120,
                150,
                180,
                365,
                400,
                545,
                731,
                1827,
                3653
            ],
            "Default": 14
        },
        "LambdaLogsCloudWatchKMSKey": {
            "Description": "(Optional) KMS Key ARN to use for encrypting the Lambda logs data. If empty, encryption is enabled with CloudWatch Logs managing the server-side encryption keys.",
            "Type": "String",
            "AllowedPattern": "^$|^arn:(aws[a-zA-Z-]*){1}:kms:[a-z0-9-]+:\\d{12}:key\\/[a-f0-9]{8}-[a-f0-9]{4}-[a-f0-9]{4}-[a-f0-9]{4}-[a-f0-9]{12}$",
            "ConstraintDescription": "Key ARN example:  arn:aws:kms:us-east-2:111122223333:key/1234abcd-12ab-34cd-56ef-1234567890ab"
        },
        "LambdaS3BucketName": {
            "Description": "Lambda S3 bucket name for the Lambda deployment package. Lambda bucket name can include numbers, lowercase letters, uppercase letters, and hyphens (-). It cannot start or end with a hyphen (-).",
            "Type": "String",
            "AllowedPattern": "(?=^.{3,63}$)(?!.*[.-]{2})(?!.*[--]{2})(?!^(?:(25[0-5]|2[0-4][0-9]|1[0-9]{2}|[1-9]?[0-9])(\\.(?!$)|$)){4}$)(^(([a-z0-9]|[a-z0-9][a-z0-9\\-]*[a-z0-9])\\.)*([a-z0-9]|[a-z0-9][a-z0-9\\-]*[a-z0-9])$)",
            "ConstraintDescription": "Lambda S3 bucket name can include numbers, lowercase letters, uppercase letters, and hyphens (-). It cannot start or end with a hyphen (-)."
        },
        "LambdaZipFileName": {
            "Description": "Amazon S3 key of the deployment package.",
            "Type": "String",
            "Default": "adconnector_custom_resource.zip",
            "MaxLength": 1024,
            "MinLength": 1
        },
        "PrivateSubnet1ID": {
            "Description": "ID of the private subnet 1 in Availability Zone 1 (e.g., subnet-a0246dcd)",
            "Type": "AWS::EC2::Subnet::Id"
        },
        "PrivateSubnet2ID": {
            "Description": "ID of the private subnet 2 in Availability Zone 2 (e.g., subnet-a0246dcd)",
            "Type": "AWS::EC2::Subnet::Id"
        },
        "SecretsManagerDomainCredentialsSecretsKMSKey": {
            "Description": "(Optional) KMS Key ARN to use for encrypting the SecretsManager domain credentials secret. If empty, encryption is enabled with SecretsManager managing the server-side encryption keys.",
            "Type": "String",
            "AllowedPattern": "^$|^arn:(aws[a-zA-Z-]*)?:kms:[a-z0-9-]+:\\d{12}:key\\/[a-f0-9]{8}-[a-f0-9]{4}-[a-f0-9]{4}-[a-f0-9]{4}-[a-f0-9]{12}$",
            "ConstraintDescription": "Key ARN example:  arn:aws:kms:us-east-2:111122223333:key/1234abcd-12ab-34cd-56ef-1234567890ab"
        },
        "SSMLogsBucketName": {
            "Description": "(Optional) SSM Logs bucket name for where Systems Manager logs should store log files. SSM Logs bucket name can include numbers, lowercase letters, uppercase letters, and hyphens (-). It cannot start or end with a hyphen (-).",
            "Type": "String",
            "Default": "",
            "AllowedPattern": "^$|(?=^.{3,63}$)(?!.*[.-]{2})(?!.*[--]{2})(?!^(?:(25[0-5]|2[0-4][0-9]|1[0-9]{2}|[1-9]?[0-9])(\\.(?!$)|$)){4}$)(^(([a-z0-9]|[a-z0-9][a-z0-9\\-]*[a-z0-9])\\.)*([a-z0-9]|[a-z0-9][a-z0-9\\-]*[a-z0-9])$)",
            "ConstraintDescription": "SSM Logs bucket name can include numbers, lowercase letters, uppercase letters, and hyphens (-). It cannot start or end with a hyphen (-)."
        },
        "VPCID": {
            "Description": "ID of the VPC (e.g., vpc-0343606e)",
            "Type": "AWS::EC2::VPC::Id"
        }
    },
    "Conditions": {
        "DHCPOptionSetCondition": {
            "Fn::Equals": [
                {
                    "Ref": "CreateDHCPOptionSet"
                },
                "Yes"
            ]
        },
        "DomainMembersSGCondition": {
            "Fn::Equals": [
                {
                    "Ref": "CreateADConnectorDomainMembersSG"
                },
                "Yes"
            ]
        },
        "LambdaLogsCloudWatchKMSKeyCondition": {
            "Fn::Not": [
                {
                    "Fn::Equals": [
                        {
                            "Ref": "LambdaLogsCloudWatchKMSKey"
                        },
                        ""
                    ]
                }
            ]
        },
        "LinuxEC2DomainJoinResourcesCondition": {
            "Fn::Equals": [
                {
                    "Ref": "CreateLinuxEC2DomainJoinResources"
                },
                "Yes"
            ]
        },
        "SecretsManagerDomainCredentialsSecretsKMSKeyCondition": {
            "Fn::Not": [
                {
                    "Fn::Equals": [
                        {
                            "Ref": "SecretsManagerDomainCredentialsSecretsKMSKey"
                        },
                        ""
                    ]
                }
            ]
        },
        "SSMLogsBucketNameCondition": {
            "Fn::Not": [
                {
                    "Fn::Equals": [
                        {
                            "Ref": "SSMLogsBucketName"
                        },
                        ""
                    ]
                }
            ]
        },
        "WindowsEC2DomainJoinResourcesCondition": {
            "Fn::Equals": [
                {
                    "Ref": "CreateWindowsEC2DomainJoinResources"
                },
                "Yes"
            ]
        }
    },
    "Resources": {
        "ADConnectorDomainMembersSG": {
            "Type": "AWS::EC2::SecurityGroup",
            "Metadata": {
                "cfn_nag": {
                    "rules_to_suppress": [
                        {
                            "id": "W42",
                            "reason": "Allow all inbound communications from Private IP CIDRs (for Lab purposes)"
                        },
                        {
                            "id": "W40",
                            "reason": "Allow all outbound communications (for Lab purposes)"
                        },
                        {
                            "id": "W5",
                            "reason": "Allow all outbound communications (for Lab purposes)"
                        },
                        {
                            "id": "W9",
                            "reason": "Allow all inbound communications from Private IP CIDRs (for Lab purposes)"
                        }
                    ]
                }
            },
            "Properties": {
                "GroupDescription": {
                    "Fn::Sub": "${DomainNetBiosName} Domain Members SG via AD Connector"
                },
                "VpcId": {
                    "Ref": "VPCID"
                },
                "SecurityGroupIngress": [
                    {
                        "IpProtocol": "-1",
                        "Description": "LAB - Allow All Private IP Communications",
                        "CidrIp": "10.0.0.0/8"
                    },
                    {
                        "IpProtocol": "-1",
                        "Description": "LAB - Allow All Private IP Communications",
                        "CidrIp": "172.16.0.0/12"
                    },
                    {
                        "IpProtocol": "-1",
                        "Description": "LAB - Allow All Private IP Communications",
                        "CidrIp": "192.168.0.0/16"
                    }
                ],
                "SecurityGroupEgress": [
                    {
                        "Description": "Allow All Outbound Communications",
                        "IpProtocol": "-1",
                        "CidrIp": "0.0.0.0/0"
                    }
                ],
                "Tags": [
                    {
                        "Key": "Name",
                        "Value": {
                            "Fn::Sub": "${DomainNetBiosName}-DomainMembersSG-ADConnector"
                        }
                    }
                ]
            },
            "Condition": "DomainMembersSGCondition"
        },
        "ADConnectorLambdaFunction": {
            "Type": "AWS::Lambda::Function",
            "Metadata": {
                "cfn_nag": {
                    "rules_to_suppress": [
                        {
                            "id": "W58",
                            "reason": "Permissions to write to CloudWatch Logs provided by the attached IAM role"
                        }
                    ]
                }
            },
            "Properties": {
                "FunctionName": {
                    "Ref": "LambdaFunctionName"
                },
                "Handler": "adconnector_custom_resource.lambda_handler",
                "Role": {
                    "Fn::GetAtt": [
                        "ADConnectorLambdaRole",
                        "Arn"
                    ]
                },
                "Runtime": "python3.8",
                "MemorySize": 128,
                "Timeout": 120,
                "Environment": {
                    "Variables": {
                        "LOG_LEVEL": {
                            "Ref": "LambdaLogLevel"
                        }
                    }
                },
                "Code": {
                    "S3Bucket": {
                        "Ref": "LambdaS3BucketName"
                    },
                    "S3Key": {
                        "Ref": "LambdaZipFileName"
                    }
                },
                "VpcConfig": {
                    "SubnetIds": [
                        "PrivateSubnet1ID",
                        "PrivateSubnet2ID"
                    ],
                    "SecurityGroupIds": [
                        {
                            "Ref": "ADConnectorDomainMembersSG"
                        }
                    ]
                }
            }
        },
        "ADConnectorLambdaLogsLogGroup": {
            "DeletionPolicy": "Retain",
            "UpdateReplacePolicy": "Retain",
            "Type": "AWS::Logs::LogGroup",
            "Properties": {
                "LogGroupName": {
                    "Fn::Sub": "/aws/lambda/${LambdaFunctionName}"
                },
                "RetentionInDays": {
                    "Ref": "LambdaLogsLogGroupRetention"
                },
                "KmsKeyId": {
                    "Fn::If": [
                        "LambdaLogsCloudWatchKMSKeyCondition",
                        {
                            "Ref": "LambdaLogsCloudWatchKMSKey"
                        },
                        {
                            "Ref": "AWS::NoValue"
                        }
                    ]
                }
            }
        },
        "ADConnectorLambdaRole": {
            "Type": "AWS::IAM::Role",
            "Metadata": {
                "cfn_nag": {
                    "rules_to_suppress": [
                        {
                            "id": "W11",
                            "reason": "Allow * in resource when required"
                        },
                        {
                            "id": "W28",
                            "reason": "The role name is defined to identify automation resources"
                        }
                    ]
                }
            },
            "Properties": {
                "RoleName": {
                    "Fn::Sub": "${LambdaFunctionName}-LambdaRole"
                },
                "Description": "Rights to Setup AD Connector",
                "AssumeRolePolicyDocument": {
                    "Version": "2012-10-17",
                    "Statement": [
                        {
                            "Effect": "Allow",
                            "Action": "sts:AssumeRole",
                            "Principal": {
                                "Service": [
                                    "lambda.amazonaws.com"
                                ]
                            }
                        }
                    ]
                },
                "Path": "/",
                "Tags": [
                    {
                        "Key": "StackName",
                        "Value": {
                            "Ref": "AWS::StackName"
                        }
                    }
                ],
                "Policies": [
                    {
                        "PolicyName": "CloudWatchLogGroup",
                        "PolicyDocument": {
                            "Version": "2012-10-17",
                            "Statement": [
                                {
                                    "Sid": "CreateLogGroup",
                                    "Effect": "Allow",
                                    "Action": "logs:CreateLogGroup",
                                    "Resource": {
                                        "Fn::Sub": "arn:${AWS::Partition}:logs:${AWS::Region}:${AWS::AccountId}:log-group:${ADConnectorLambdaLogsLogGroup}"
                                    }
                                },
                                {
                                    "Sid": "CreateLogStreamAndEvents",
                                    "Effect": "Allow",
                                    "Action": [
                                        "logs:CreateLogStream",
                                        "logs:PutLogEvents"
                                    ],
                                    "Resource": {
                                        "Fn::Sub": "arn:${AWS::Partition}:logs:${AWS::Region}:${AWS::AccountId}:log-group:${ADConnectorLambdaLogsLogGroup}:log-stream:*"
                                    }
                                }
                            ]
                        }
                    },
                    {
                        "PolicyName": "ADConnector",
                        "PolicyDocument": {
                            "Version": "2012-10-17",
                            "Statement": [
                                {
                                    "Sid": "Directory",
                                    "Effect": "Allow",
                                    "Action": [
                                        "ds:ConnectDirectory",
                                        "ds:DeleteDirectory"
                                    ],
                                    "Resource": "*"
                                },
                                {
                                    "Sid": "CreateAdConnectorEc2Resources",
                                    "Effect": "Allow",
                                    "Action": [
                                        "ec2:DescribeSubnets",
                                        "ec2:DescribeVpcs",
                                        "ec2:CreateSecurityGroup",
                                        "ec2:CreateNetworkInterface",
                                        "ec2:DescribeNetworkInterfaces",
                                        "ec2:AuthorizeSecurityGroupIngress",
                                        "ec2:AuthorizeSecurityGroupEgress",
                                        "ec2:CreateTags"
                                    ],
                                    "Resource": "*",
                                    "Condition": {
                                        "Bool": {
                                            "aws:ViaAWSService": true
                                        }
                                    }
                                },
                                {
                                    "Sid": "DeleteAdConnectorEc2Resources",
                                    "Effect": "Allow",
                                    "Action": [
                                        "ec2:DeleteSecurityGroup",
                                        "ec2:DescribeNetworkInterfaces",
                                        "ec2:DeleteNetworkInterface",
                                        "ec2:RevokeSecurityGroupIngress",
                                        "ec2:RevokeSecurityGroupEgress",
                                        "ec2:DeleteTags"
                                    ],
                                    "Resource": "*",
                                    "Condition": {
                                        "Bool": {
                                            "aws:ViaAWSService": true
                                        }
                                    }
                                }
                            ]
                        }
                    },
                    {
                        "PolicyName": "ADConnectorServiceAccountSecret",
                        "PolicyDocument": {
                            "Version": "2012-10-17",
                            "Statement": [
                                {
                                    "Sid": "GetSecret",
                                    "Effect": "Allow",
                                    "Action": "secretsmanager:GetSecretValue",
                                    "Resource": {
                                        "Ref": "ADConnectorServiceAccountSecret"
                                    }
                                }
                            ]
                        }
                    },
                    {
                        "Fn::If": [
                            "SecretsManagerDomainCredentialsSecretsKMSKeyCondition",
                            {
                                "PolicyName": "KMSKeyForSecret",
                                "PolicyDocument": {
                                    "Version": "2012-10-17",
                                    "Statement": [
                                        {
                                            "Effect": "Allow",
                                            "Action": "kms:Decrypt",
                                            "Resource": {
                                                "Ref": "SecretsManagerDomainCredentialsSecretsKMSKey"
                                            }
                                        }
                                    ]
                                }
                            },
                            {
                                "Ref": "AWS::NoValue"
                            }
                        ]
                    }
                ]
            }
        },
        "ADConnectorLinuxEC2DomainJoinInstanceProfile": {
            "Type": "AWS::IAM::InstanceProfile",
            "Properties": {
                "InstanceProfileName": {
                    "Ref": "ADConnectorLinuxEC2DomainJoinRole"
                },
                "Path": "/",
                "Roles": [
                    {
                        "Ref": "ADConnectorLinuxEC2DomainJoinRole"
                    }
                ]
            },
            "Condition": "LinuxEC2DomainJoinResourcesCondition"
        },
        "ADConnectorLinuxEC2DomainJoinRole": {
            "Type": "AWS::IAM::Role",
            "Metadata": {
                "cfn_nag": {
                    "rules_to_suppress": [
                        {
                            "id": "W28",
                            "reason": "The role name is defined to identify automation resources"
                        }
                    ]
                }
            },
            "Properties": {
                "RoleName": {
                    "Fn::Sub": "${DomainNetBiosName}-LinuxEC2DomainJoinRole-ADConnector"
                },
                "Description": {
                    "Fn::Sub": "IAM Role to Seamlessly Join Linux EC2 Instances to ${DomainNetBiosName} Domain via AD Connector"
                },
                "AssumeRolePolicyDocument": {
                    "Version": "2012-10-17",
                    "Statement": [
                        {
                            "Effect": "Allow",
                            "Action": "sts:AssumeRole",
                            "Principal": {
                                "Service": [
                                    "ec2.amazonaws.com"
                                ]
                            }
                        }
                    ]
                },
                "ManagedPolicyArns": [
                    {
                        "Fn::Sub": "arn:${AWS::Partition}:iam::aws:policy/AmazonSSMManagedInstanceCore"
                    },
                    {
                        "Fn::Sub": "arn:${AWS::Partition}:iam::aws:policy/AmazonSSMDirectoryServiceAccess"
                    }
                ],
                "Path": "/",
                "Tags": [
                    {
                        "Key": "StackName",
                        "Value": {
                            "Ref": "AWS::StackName"
                        }
                    }
                ],
                "Policies": [
                    {
                        "PolicyName": "SSMAgent",
                        "PolicyDocument": {
                            "Version": "2012-10-17",
                            "Statement": [
                                {
                                    "Effect": "Allow",
                                    "Action": "s3:GetObject",
                                    "Resource": [
                                        {
                                            "Fn::Sub": "arn${AWS::Partition}s3:::aws-ssm-${AWS::Region}/*"
                                        },
                                        {
                                            "Fn::Sub": "arn${AWS::Partition}s3:::aws-windows-downloads-${AWS::Region}/*"
                                        },
                                        {
                                            "Fn::Sub": "arn${AWS::Partition}s3:::amazon-ssm-${AWS::Region}/*"
                                        },
                                        {
                                            "Fn::Sub": "arn${AWS::Partition}s3:::amazon-ssm-packages-${AWS::Region}/*"
                                        },
                                        {
                                            "Fn::Sub": "arn${AWS::Partition}s3:::${AWS::Region}-birdwatcher-prod/*"
                                        },
                                        {
                                            "Fn::Sub": "arn${AWS::Partition}s3:::patch-baseline-snapshot-${AWS::Region}/*"
                                        },
                                        {
                                            "Fn::Sub": "arn${AWS::Partition}s3:::aws-ssm-distributor-file-${AWS::Region}/*"
                                        },
                                        {
                                            "Fn::Sub": "arn${AWS::Partition}s3:::aws-ssm-document-attachments-${AWS::Region}/*"
                                        }
                                    ]
                                }
                            ]
                        }
                    },
                    {
                        "Fn::If": [
                            "SSMLogsBucketNameCondition",
                            {
                                "PolicyName": "SsmLogs",
                                "PolicyDocument": {
                                    "Version": "2012-10-17",
                                    "Statement": [
                                        {
                                            "Effect": "Allow",
                                            "Action": [
                                                "s3:GetObject",
                                                "s3:PutObject",
                                                "s3:PutObjectAcl",
                                                "s3:GetEncryptionConfiguration"
                                            ],
                                            "Resource": [
                                                {
                                                    "Fn::Sub": "arn${AWS::Partition}s3:::${SSMLogsBucketName}"
                                                },
                                                {
                                                    "Fn::Sub": "arn${AWS::Partition}s3:::${SSMLogsBucketName}/*"
                                                }
                                            ]
                                        }
                                    ]
                                }
                            },
                            {
                                "Ref": "AWS::NoValue"
                            }
                        ]
                    },
                    {
                        "PolicyName": "ADConnectorLinuxEC2SeamlessDomainJoinSecret",
                        "PolicyDocument": {
                            "Version": "2012-10-17",
                            "Statement": [
                                {
                                    "Effect": "Allow",
                                    "Action": [
                                        "secretsmanager:GetSecretValue",
                                        "secretsmanager:DescribeSecret"
                                    ],
                                    "Resource": {
                                        "Ref": "ADConnectorLinuxEC2SeamlessDomainJoinSecret"
                                    }
                                }
                            ]
                        }
                    },
                    {
                        "Fn::If": [
                            "SecretsManagerDomainCredentialsSecretsKMSKeyCondition",
                            {
                                "PolicyName": "KMSKeyForSecret",
                                "PolicyDocument": {
                                    "Version": "2012-10-17",
                                    "Statement": [
                                        {
                                            "Effect": "Allow",
                                            "Action": "kms:Decrypt",
                                            "Resource": {
                                                "Ref": "SecretsManagerDomainCredentialsSecretsKMSKey"
                                            }
                                        }
                                    ]
                                }
                            },
                            {
                                "Ref": "AWS::NoValue"
                            }
                        ]
                    }
                ]
            },
            "Condition": "LinuxEC2DomainJoinResourcesCondition"
        },
        "ADConnectorLinuxEC2SeamlessDomainJoinSecret": {
            "DeletionPolicy": "Retain",
            "UpdateReplacePolicy": "Retain",
            "Type": "AWS::SecretsManager::Secret",
            "Properties": {
                "Name": {
                    "Fn::Sub": "aws/directory-services/${ADConnectorResource}/seamless-domain-join"
                },
                "Description": {
                    "Fn::Sub": "AD Credentials for Seamless Domain Join Windows/Linux EC2 instances to ${DomainNetBiosName} Domain via AD Connector"
                },
                "SecretString": {
                    "Fn::Sub": "{ \"awsSeamlessDomainUsername\" : \"${DomainJoinUser}\", \"awsSeamlessDomainPassword\" : \"${DomainJoinUserPassword}\" }"
                },
                "KmsKeyId": {
                    "Fn::If": [
                        "SecretsManagerDomainCredentialsSecretsKMSKeyCondition",
                        {
                            "Ref": "SecretsManagerDomainCredentialsSecretsKMSKey"
                        },
                        {
                            "Ref": "AWS::NoValue"
                        }
                    ]
                }
            },
            "Condition": "LinuxEC2DomainJoinResourcesCondition"
        },
        "ADConnectorResource": {
            "Type": "Custom::ADConnectorResource",
            "Properties": {
                "ServiceToken": {
                    "Fn::GetAtt": [
                        "ADConnectorLambdaFunction",
                        "Arn"
                    ]
                },
                "ADCONNECTOR_DESCRIPTION": {
                    "Ref": "ADConnectorDescription"
                },
                "ADCONNECTOR_SIZE": {
                    "Ref": "ADConnectorSize"
                },
                "ADCONNECTOR_SUBNET_ID1": {
                    "Ref": "PrivateSubnet1ID"
                },
                "ADCONNECTOR_SUBNET_ID2": {
                    "Ref": "PrivateSubnet2ID"
                },
                "ADCONNECTOR_VPCID": {
                    "Ref": "VPCID"
                },
                "DOMAIN_DNS_NAME": {
                    "Ref": "DomainDNSName"
                },
                "DOMAIN_DNS_SERVERS": {
                    "Ref": "DomainDNSServers"
                },
                "DOMAIN_NETBIOS_NAME": {
                    "Ref": "DomainNetBiosName"
                },
                "DOMAIN_JOIN_SECRET_ID": {
                    "Ref": "ADConnectorServiceAccountSecret"
                }
            },
            "Version": "1.0"
        },
        "ADConnectorServiceAccountSecret": {
            "DeletionPolicy": "Retain",
            "UpdateReplacePolicy": "Retain",
            "Type": "AWS::SecretsManager::Secret",
            "Properties": {
                "Name": {
                    "Fn::Sub": "ADConnector-ServiceAccount-${DomainNetBiosName}-Domain"
                },
                "Description": {
                    "Fn::Sub": "ADConnector Service Account for ${DomainNetBiosName} Domain"
                },
                "SecretString": {
                    "Fn::Sub": "{ \"username\" : \"${DomainJoinUser}\", \"password\" : \"${DomainJoinUserPassword}\" }"
                },
                "KmsKeyId": {
                    "Fn::If": [
                        "SecretsManagerDomainCredentialsSecretsKMSKeyCondition",
                        {
                            "Ref": "SecretsManagerDomainCredentialsSecretsKMSKey"
                        },
                        {
                            "Ref": "AWS::NoValue"
                        }
                    ]
                }
            }
        },
        "ADConnectorWindowsEC2DomainJoinInstanceProfile": {
            "Type": "AWS::IAM::InstanceProfile",
            "Properties": {
                "InstanceProfileName": {
                    "Ref": "ADConnectorWindowsEC2DomainJoinRole"
                },
                "Path": "/",
                "Roles": [
                    {
                        "Ref": "ADConnectorWindowsEC2DomainJoinRole"
                    }
                ]
            },
            "Condition": "WindowsEC2DomainJoinResourcesCondition"
        },
        "ADConnectorWindowsEC2DomainJoinRole": {
            "Type": "AWS::IAM::Role",
            "Metadata": {
                "cfn_nag": {
                    "rules_to_suppress": [
                        {
                            "id": "W28",
                            "reason": "The role name is defined to identify automation resources"
                        }
                    ]
                }
            },
            "Properties": {
                "RoleName": {
                    "Fn::Sub": "${DomainNetBiosName}-ADConnector-WindowsEC2DomainJoinRole"
                },
                "Description": {
                    "Fn::Sub": "IAM Role to Seamlessly Join Windows EC2 Instances to ${DomainDNSName} Domain via AD Connector"
                },
                "AssumeRolePolicyDocument": {
                    "Version": "2012-10-17",
                    "Statement": [
                        {
                            "Effect": "Allow",
                            "Action": "sts:AssumeRole",
                            "Principal": {
                                "Service": [
                                    "ec2.amazonaws.com"
                                ]
                            }
                        }
                    ]
                },
                "ManagedPolicyArns": [
                    {
                        "Fn::Sub": "arn:${AWS::Partition}:iam::aws:policy/AmazonSSMManagedInstanceCore"
                    },
                    {
                        "Fn::Sub": "arn:${AWS::Partition}:iam::aws:policy/AmazonSSMDirectoryServiceAccess"
                    }
                ],
                "Path": "/",
                "Tags": [
                    {
                        "Key": "StackName",
                        "Value": {
                            "Ref": "AWS::StackName"
                        }
                    }
                ],
                "Policies": [
                    {
                        "PolicyName": "SSMAgent",
                        "PolicyDocument": {
                            "Version": "2012-10-17",
                            "Statement": [
                                {
                                    "Effect": "Allow",
                                    "Action": "s3:GetObject",
                                    "Resource": [
                                        {
                                            "Fn::Sub": "arn${AWS::Partition}s3:::aws-ssm-${AWS::Region}/*"
                                        },
                                        {
                                            "Fn::Sub": "arn${AWS::Partition}s3:::aws-windows-downloads-${AWS::Region}/*"
                                        },
                                        {
                                            "Fn::Sub": "arn${AWS::Partition}s3:::amazon-ssm-${AWS::Region}/*"
                                        },
                                        {
                                            "Fn::Sub": "arn${AWS::Partition}s3:::amazon-ssm-packages-${AWS::Region}/*"
                                        },
                                        {
                                            "Fn::Sub": "arn${AWS::Partition}s3:::${AWS::Region}-birdwatcher-prod/*"
                                        },
                                        {
                                            "Fn::Sub": "arn${AWS::Partition}s3:::patch-baseline-snapshot-${AWS::Region}/*"
                                        },
                                        {
                                            "Fn::Sub": "arn${AWS::Partition}s3:::aws-ssm-distributor-file-${AWS::Region}/*"
                                        },
                                        {
                                            "Fn::Sub": "arn${AWS::Partition}s3:::aws-ssm-document-attachments-${AWS::Region}/*"
                                        }
                                    ]
                                }
                            ]
                        }
                    },
                    {
                        "Fn::If": [
                            "SSMLogsBucketNameCondition",
                            {
                                "PolicyName": "SsmLogs",
                                "PolicyDocument": {
                                    "Version": "2012-10-17",
                                    "Statement": [
                                        {
                                            "Effect": "Allow",
                                            "Action": [
                                                "s3:GetObject",
                                                "s3:PutObject",
                                                "s3:PutObjectAcl",
                                                "s3:GetEncryptionConfiguration"
                                            ],
                                            "Resource": [
                                                {
                                                    "Fn::Sub": "arn${AWS::Partition}s3:::${SSMLogsBucketName}"
                                                },
                                                {
                                                    "Fn::Sub": "arn${AWS::Partition}s3:::${SSMLogsBucketName}/*"
                                                }
                                            ]
                                        }
                                    ]
                                }
                            },
                            {
                                "Ref": "AWS::NoValue"
                            }
                        ]
                    }
                ]
            },
            "Condition": "WindowsEC2DomainJoinResourcesCondition"
        },
        "DHCPOptions": {
            "Type": "AWS::EC2::DHCPOptions",
            "Properties": {
                "DomainName": {
                    "Ref": "DomainDNSName"
                },
                "DomainNameServers": [
                    {
                        "Ref": "DomainDNSServers"
                    }
                ],
                "Tags": [
                    {
                        "Key": "Name",
                        "Value": {
                            "Ref": "DomainDNSName"
                        }
                    }
                ]
            },
            "Condition": "DHCPOptionSetCondition"
        },
        "DHCPOptionsVPCAssociation": {
            "Type": "AWS::EC2::VPCDHCPOptionsAssociation",
            "Properties": {
                "VpcId": {
                    "Ref": "VPCID"
                },
                "DhcpOptionsId": {
                    "Ref": "DHCPOptions"
                }
            },
            "Condition": "DHCPOptionSetCondition"
        }
    },
    "Outputs": {
        "ADConnectorDirectoryId": {
            "Description": "AD Connector Directory ID",
            "Value": {
                "Ref": "ADConnectorResource"
            },
            "Export": {
                "Name": {
                    "Fn::Sub": "${AWS::StackName}-ADConnectorDirectoryId"
                }
            }
        },
        "ADConnectorDirectoryName": {
            "Description": "AD Connector Directory Name",
            "Value": {
                "Ref": "DomainDNSName"
            },
            "Export": {
                "Name": {
                    "Fn::Sub": "${AWS::StackName}-ADConnectorDirectoryName"
                }
            }
        },
        "ADConnectorADConnectorDomainMembersSG": {
            "Description": "ADConnector Domain Members Security Group",
            "Value": {
                "Ref": "ADConnectorDomainMembersSG"
            },
            "Export": {
                "Name": {
                    "Fn::Sub": "${AWS::StackName}-${DomainNetBiosName}-ADConnectorDomainMembersSG"
                }
            },
            "Condition": "DomainMembersSGCondition"
        },
        "ADConnectorWindowsEC2SeamlessDomainJoinInstanceProfile": {
            "Description": "IAM Instance Profile with SSM Document Rights to Join Windows Computers via AD Connector",
            "Value": {
                "Ref": "ADConnectorWindowsEC2DomainJoinInstanceProfile"
            },
            "Export": {
                "Name": {
                    "Fn::Sub": "${AWS::StackName}-${DomainNetBiosName}-ADConnectorWindowsEC2DomainJoinProfile"
                }
            },
            "Condition": "WindowsEC2DomainJoinResourcesCondition"
        },
        "ADConnectorWindowsEC2SeamlessDomainJoinRole": {
            "Description": "IAM Instance Profile with SSM Document Rights to Join Windows Computers via AD Connector",
            "Value": {
                "Ref": "ADConnectorWindowsEC2DomainJoinRole"
            },
            "Export": {
                "Name": {
                    "Fn::Sub": "${AWS::StackName}-${DomainNetBiosName}-ADConnectorWindowsEC2DomainJoinRole"
                }
            },
            "Condition": "WindowsEC2DomainJoinResourcesCondition"
        },
        "ADConnectorLinuxEC2SeamlessDomainJoinInstanceProfile": {
            "Description": "IAM Instance Profile with SSM Document Rights to Join Linux Computers via AD Connector",
            "Value": {
                "Ref": "ADConnectorLinuxEC2DomainJoinInstanceProfile"
            },
            "Export": {
                "Name": {
                    "Fn::Sub": "${AWS::StackName}-${DomainNetBiosName}-ADConnectorLinuxEC2DomainJoinProfile"
                }
            },
            "Condition": "LinuxEC2DomainJoinResourcesCondition"
        },
        "ADConnectorLinuxEC2SeamlessDomainJoinRole": {
            "Description": "IAM Instance Profile with SSM Document Rights to Join Linux Computers via AD Connector",
            "Value": {
                "Ref": "ADConnectorLinuxEC2DomainJoinRole"
            },
            "Export": {
                "Name": {
                    "Fn::Sub": "${AWS::StackName}-${DomainNetBiosName}-ADConnectorLinuxEC2DomainJoinRole"
                }
            },
            "Condition": "LinuxEC2DomainJoinResourcesCondition"
        }
    }
}
