{
    "AWSTemplateFormatVersion": "2010-09-09",
    "Description": "A stack for deploying containerized applications onto a cluster of EC2 hosts using Elastic Container Service. This stack runs containers on hosts that are in a private VPC subnet. Outbound network traffic from the hosts must go out through a NAT gateway. There are two load balancers, one inside the public subnet, which can be used to send traffic to the containers in the private subnet, and one in the private subnet, which can be used for private internal traffic between internal services.",
    "Parameters": {
        "DesiredCapacity": {
            "Description": "Number of EC2 instances to launch in your ECS cluster.",
            "Type": "Number",
            "Default": "3"
        },
        "MaxSize": {
            "Description": "Maximum number of EC2 instances that can be launched in your ECS cluster.",
            "Type": "Number",
            "Default": "6"
        },
        "ECSAMI": {
            "Description": "AMI ID",
            "Type": "AWS::SSM::Parameter::Value<AWS::EC2::Image::Id>",
            "Default": "/aws/service/ecs/optimized-ami/amazon-linux-2/recommended/image_id"
        },
        "InstanceType": {
            "Description": "EC2 instance type",
            "Type": "String",
            "AllowedValues": [
                "t2.micro",
                "t2.small",
                "t2.medium",
                "t2.large",
                "m3.medium",
                "m3.large",
                "m3.xlarge",
                "m3.2xlarge",
                "m4.large",
                "m4.xlarge",
                "m4.2xlarge",
                "m4.4xlarge",
                "m4.10xlarge",
                "c4.large",
                "c4.xlarge",
                "c4.2xlarge",
                "c4.4xlarge",
                "c4.8xlarge",
                "c3.large",
                "c3.xlarge",
                "c3.2xlarge",
                "c3.4xlarge",
                "c3.8xlarge",
                "r3.large",
                "r3.xlarge",
                "r3.2xlarge",
                "r3.4xlarge",
                "r3.8xlarge",
                "i2.xlarge",
                "i2.2xlarge",
                "i2.4xlarge",
                "i2.8xlarge"
            ],
            "Default": "c4.xlarge",
            "ConstraintDescription": "Please choose a valid instance type."
        }
    },
    "Mappings": {
        "SubnetConfig": {
            "VPC": {
                "CIDR": "10.0.0.0/16"
            },
            "PublicOne": {
                "CIDR": "10.0.0.0/24"
            },
            "PublicTwo": {
                "CIDR": "10.0.1.0/24"
            },
            "PrivateOne": {
                "CIDR": "10.0.2.0/24"
            },
            "PrivateTwo": {
                "CIDR": "10.0.3.0/24"
            }
        }
    },
    "Resources": {
        "VPC": {
            "Type": "AWS::EC2::VPC",
            "Properties": {
                "EnableDnsSupport": true,
                "EnableDnsHostnames": true,
                "CidrBlock": {
                    "Fn::FindInMap": [
                        "SubnetConfig",
                        "VPC",
                        "CIDR"
                    ]
                }
            }
        },
        "PublicSubnetOne": {
            "Type": "AWS::EC2::Subnet",
            "Properties": {
                "AvailabilityZone": {
                    "Fn::Select": [
                        0,
                        {
                            "Fn::GetAZs": {
                                "Ref": "AWS::Region"
                            }
                        }
                    ]
                },
                "VpcId": {
                    "Ref": "VPC"
                },
                "CidrBlock": {
                    "Fn::FindInMap": [
                        "SubnetConfig",
                        "PublicOne",
                        "CIDR"
                    ]
                },
                "MapPublicIpOnLaunch": true
            }
        },
        "PublicSubnetTwo": {
            "Type": "AWS::EC2::Subnet",
            "Properties": {
                "AvailabilityZone": {
                    "Fn::Select": [
                        1,
                        {
                            "Fn::GetAZs": {
                                "Ref": "AWS::Region"
                            }
                        }
                    ]
                },
                "VpcId": {
                    "Ref": "VPC"
                },
                "CidrBlock": {
                    "Fn::FindInMap": [
                        "SubnetConfig",
                        "PublicTwo",
                        "CIDR"
                    ]
                },
                "MapPublicIpOnLaunch": true
            }
        },
        "PrivateSubnetOne": {
            "Type": "AWS::EC2::Subnet",
            "Properties": {
                "AvailabilityZone": {
                    "Fn::Select": [
                        0,
                        {
                            "Fn::GetAZs": {
                                "Ref": "AWS::Region"
                            }
                        }
                    ]
                },
                "VpcId": {
                    "Ref": "VPC"
                },
                "CidrBlock": {
                    "Fn::FindInMap": [
                        "SubnetConfig",
                        "PrivateOne",
                        "CIDR"
                    ]
                }
            }
        },
        "PrivateSubnetTwo": {
            "Type": "AWS::EC2::Subnet",
            "Properties": {
                "AvailabilityZone": {
                    "Fn::Select": [
                        1,
                        {
                            "Fn::GetAZs": {
                                "Ref": "AWS::Region"
                            }
                        }
                    ]
                },
                "VpcId": {
                    "Ref": "VPC"
                },
                "CidrBlock": {
                    "Fn::FindInMap": [
                        "SubnetConfig",
                        "PrivateTwo",
                        "CIDR"
                    ]
                }
            }
        },
        "InternetGateway": {
            "Type": "AWS::EC2::InternetGateway"
        },
        "GatewayAttachement": {
            "Type": "AWS::EC2::VPCGatewayAttachment",
            "Properties": {
                "VpcId": {
                    "Ref": "VPC"
                },
                "InternetGatewayId": {
                    "Ref": "InternetGateway"
                }
            }
        },
        "PublicRouteTable": {
            "Type": "AWS::EC2::RouteTable",
            "Properties": {
                "VpcId": {
                    "Ref": "VPC"
                }
            }
        },
        "PublicRoute": {
            "Type": "AWS::EC2::Route",
            "DependsOn": "GatewayAttachement",
            "Properties": {
                "RouteTableId": {
                    "Ref": "PublicRouteTable"
                },
                "DestinationCidrBlock": "0.0.0.0/0",
                "GatewayId": {
                    "Ref": "InternetGateway"
                }
            }
        },
        "PublicSubnetOneRouteTableAssociation": {
            "Type": "AWS::EC2::SubnetRouteTableAssociation",
            "Properties": {
                "SubnetId": {
                    "Ref": "PublicSubnetOne"
                },
                "RouteTableId": {
                    "Ref": "PublicRouteTable"
                }
            }
        },
        "PublicSubnetTwoRouteTableAssociation": {
            "Type": "AWS::EC2::SubnetRouteTableAssociation",
            "Properties": {
                "SubnetId": {
                    "Ref": "PublicSubnetTwo"
                },
                "RouteTableId": {
                    "Ref": "PublicRouteTable"
                }
            }
        },
        "NatGatewayOneAttachment": {
            "Type": "AWS::EC2::EIP",
            "DependsOn": "GatewayAttachement",
            "Properties": {
                "Domain": "vpc"
            }
        },
        "NatGatewayTwoAttachment": {
            "Type": "AWS::EC2::EIP",
            "DependsOn": "GatewayAttachement",
            "Properties": {
                "Domain": "vpc"
            }
        },
        "NatGatewayOne": {
            "Type": "AWS::EC2::NatGateway",
            "Properties": {
                "AllocationId": {
                    "Fn::GetAtt": [
                        "NatGatewayOneAttachment",
                        "AllocationId"
                    ]
                },
                "SubnetId": {
                    "Ref": "PublicSubnetOne"
                }
            }
        },
        "NatGatewayTwo": {
            "Type": "AWS::EC2::NatGateway",
            "Properties": {
                "AllocationId": {
                    "Fn::GetAtt": [
                        "NatGatewayTwoAttachment",
                        "AllocationId"
                    ]
                },
                "SubnetId": {
                    "Ref": "PublicSubnetTwo"
                }
            }
        },
        "PrivateRouteTableOne": {
            "Type": "AWS::EC2::RouteTable",
            "Properties": {
                "VpcId": {
                    "Ref": "VPC"
                }
            }
        },
        "PrivateRouteOne": {
            "Type": "AWS::EC2::Route",
            "Properties": {
                "RouteTableId": {
                    "Ref": "PrivateRouteTableOne"
                },
                "DestinationCidrBlock": "0.0.0.0/0",
                "NatGatewayId": {
                    "Ref": "NatGatewayOne"
                }
            }
        },
        "PrivateRouteTableOneAssociation": {
            "Type": "AWS::EC2::SubnetRouteTableAssociation",
            "Properties": {
                "RouteTableId": {
                    "Ref": "PrivateRouteTableOne"
                },
                "SubnetId": {
                    "Ref": "PrivateSubnetOne"
                }
            }
        },
        "PrivateRouteTableTwo": {
            "Type": "AWS::EC2::RouteTable",
            "Properties": {
                "VpcId": {
                    "Ref": "VPC"
                }
            }
        },
        "PrivateRouteTwo": {
            "Type": "AWS::EC2::Route",
            "Properties": {
                "RouteTableId": {
                    "Ref": "PrivateRouteTableTwo"
                },
                "DestinationCidrBlock": "0.0.0.0/0",
                "NatGatewayId": {
                    "Ref": "NatGatewayTwo"
                }
            }
        },
        "PrivateRouteTableTwoAssociation": {
            "Type": "AWS::EC2::SubnetRouteTableAssociation",
            "Properties": {
                "RouteTableId": {
                    "Ref": "PrivateRouteTableTwo"
                },
                "SubnetId": {
                    "Ref": "PrivateSubnetTwo"
                }
            }
        },
        "DynamoDBEndpoint": {
            "Type": "AWS::EC2::VPCEndpoint",
            "Properties": {
                "PolicyDocument": {
                    "Version": "2012-10-17",
                    "Statement": [
                        {
                            "Effect": "Allow",
                            "Action": "*",
                            "Principal": "*",
                            "Resource": "*"
                        }
                    ]
                },
                "RouteTableIds": [
                    {
                        "Ref": "PrivateRouteTableOne"
                    },
                    {
                        "Ref": "PrivateRouteTableTwo"
                    }
                ],
                "ServiceName": {
                    "Fn::Join": [
                        "",
                        [
                            "com.amazonaws.",
                            {
                                "Ref": "AWS::Region"
                            },
                            ".dynamodb"
                        ]
                    ]
                },
                "VpcId": {
                    "Ref": "VPC"
                }
            }
        },
        "ECSCluster": {
            "Type": "AWS::ECS::Cluster"
        },
        "EcsHostSecurityGroup": {
            "Type": "AWS::EC2::SecurityGroup",
            "Properties": {
                "GroupDescription": "Access to the ECS hosts that run containers",
                "VpcId": {
                    "Ref": "VPC"
                }
            }
        },
        "EcsSecurityGroupIngressFromPublicALB": {
            "Type": "AWS::EC2::SecurityGroupIngress",
            "Properties": {
                "Description": "Ingress from the public ALB",
                "GroupId": {
                    "Ref": "EcsHostSecurityGroup"
                },
                "IpProtocol": -1,
                "SourceSecurityGroupId": {
                    "Ref": "PublicLoadBalancerSG"
                }
            }
        },
        "EcsSecurityGroupIngressFromPrivateALB": {
            "Type": "AWS::EC2::SecurityGroupIngress",
            "Properties": {
                "Description": "Ingress from the private ALB",
                "GroupId": {
                    "Ref": "EcsHostSecurityGroup"
                },
                "IpProtocol": -1,
                "SourceSecurityGroupId": {
                    "Ref": "PrivateLoadBalancerSG"
                }
            }
        },
        "EcsSecurityGroupIngressFromSelf": {
            "Type": "AWS::EC2::SecurityGroupIngress",
            "Properties": {
                "Description": "Ingress from other containers in the same security group",
                "GroupId": {
                    "Ref": "EcsHostSecurityGroup"
                },
                "IpProtocol": -1,
                "SourceSecurityGroupId": {
                    "Ref": "EcsHostSecurityGroup"
                }
            }
        },
        "ECSAutoScalingGroup": {
            "CreationPolicy": {
                "ResourceSignal": {
                    "Timeout": "PT15M"
                }
            },
            "UpdatePolicy": {
                "AutoScalingReplacingUpdate": {
                    "WillReplace": true
                }
            },
            "Type": "AWS::AutoScaling::AutoScalingGroup",
            "Properties": {
                "VPCZoneIdentifier": [
                    {
                        "Ref": "PrivateSubnetOne"
                    },
                    {
                        "Ref": "PrivateSubnetTwo"
                    }
                ],
                "LaunchConfigurationName": {
                    "Ref": "ContainerInstances"
                },
                "MinSize": 1,
                "MaxSize": {
                    "Ref": "MaxSize"
                },
                "DesiredCapacity": {
                    "Ref": "DesiredCapacity"
                }
            }
        },
        "ContainerInstances": {
            "Type": "AWS::AutoScaling::LaunchConfiguration",
            "Properties": {
                "ImageId": {
                    "Ref": "ECSAMI"
                },
                "SecurityGroups": [
                    {
                        "Ref": "EcsHostSecurityGroup"
                    }
                ],
                "InstanceType": {
                    "Ref": "InstanceType"
                },
                "IamInstanceProfile": {
                    "Ref": "EC2InstanceProfile"
                },
                "UserData": {
                    "Fn::Base64": {
                        "Fn::Sub": "#!/bin/bash -xe\necho ECS_CLUSTER=${ECSCluster} >> /etc/ecs/ecs.config\nyum install -y aws-cfn-bootstrap\n/opt/aws/bin/cfn-signal -e $? --stack ${AWS::StackName} --resource ECSAutoScalingGroup --region ${AWS::Region}\n"
                    }
                }
            }
        },
        "AutoscalingRole": {
            "Type": "AWS::IAM::Role",
            "Properties": {
                "AssumeRolePolicyDocument": {
                    "Statement": [
                        {
                            "Effect": "Allow",
                            "Principal": {
                                "Service": [
                                    "application-autoscaling.amazonaws.com"
                                ]
                            },
                            "Action": [
                                "sts:AssumeRole"
                            ]
                        }
                    ]
                },
                "Path": "/",
                "Policies": [
                    {
                        "PolicyName": "service-autoscaling",
                        "PolicyDocument": {
                            "Statement": [
                                {
                                    "Effect": "Allow",
                                    "Action": [
                                        "application-autoscaling:*",
                                        "cloudwatch:DescribeAlarms",
                                        "cloudwatch:PutMetricAlarm",
                                        "ecs:DescribeServices",
                                        "ecs:UpdateService"
                                    ],
                                    "Resource": "*"
                                }
                            ]
                        }
                    }
                ]
            }
        },
        "EC2InstanceProfile": {
            "Type": "AWS::IAM::InstanceProfile",
            "Properties": {
                "Path": "/",
                "Roles": [
                    {
                        "Ref": "EC2Role"
                    }
                ]
            }
        },
        "EC2Role": {
            "Type": "AWS::IAM::Role",
            "Properties": {
                "AssumeRolePolicyDocument": {
                    "Statement": [
                        {
                            "Effect": "Allow",
                            "Principal": {
                                "Service": [
                                    "ec2.amazonaws.com"
                                ]
                            },
                            "Action": [
                                "sts:AssumeRole"
                            ]
                        }
                    ]
                },
                "Path": "/",
                "Policies": [
                    {
                        "PolicyName": "ecs-service",
                        "PolicyDocument": {
                            "Statement": [
                                {
                                    "Effect": "Allow",
                                    "Action": [
                                        "ecs:CreateCluster",
                                        "ecs:DeregisterContainerInstance",
                                        "ecs:DiscoverPollEndpoint",
                                        "ecs:Poll",
                                        "ecs:RegisterContainerInstance",
                                        "ecs:StartTelemetrySession",
                                        "ecs:Submit*",
                                        "logs:CreateLogStream",
                                        "logs:PutLogEvents",
                                        "ecr:GetAuthorizationToken",
                                        "ecr:BatchGetImage",
                                        "ecr:GetDownloadUrlForLayer"
                                    ],
                                    "Resource": "*"
                                }
                            ]
                        }
                    }
                ]
            }
        },
        "PublicLoadBalancerSG": {
            "Type": "AWS::EC2::SecurityGroup",
            "Properties": {
                "GroupDescription": "Access to the public facing load balancer",
                "VpcId": {
                    "Ref": "VPC"
                },
                "SecurityGroupIngress": [
                    {
                        "CidrIp": "0.0.0.0/0",
                        "IpProtocol": -1
                    }
                ]
            }
        },
        "PublicLoadBalancer": {
            "Type": "AWS::ElasticLoadBalancingV2::LoadBalancer",
            "Properties": {
                "Scheme": "internet-facing",
                "LoadBalancerAttributes": [
                    {
                        "Key": "idle_timeout.timeout_seconds",
                        "Value": "30"
                    }
                ],
                "Subnets": [
                    {
                        "Ref": "PublicSubnetOne"
                    },
                    {
                        "Ref": "PublicSubnetTwo"
                    }
                ],
                "SecurityGroups": [
                    {
                        "Ref": "PublicLoadBalancerSG"
                    }
                ]
            }
        },
        "DummyTargetGroupPublic": {
            "Type": "AWS::ElasticLoadBalancingV2::TargetGroup",
            "Properties": {
                "HealthCheckIntervalSeconds": 6,
                "HealthCheckPath": "/",
                "HealthCheckProtocol": "HTTP",
                "HealthCheckTimeoutSeconds": 5,
                "HealthyThresholdCount": 2,
                "Name": {
                    "Fn::Join": [
                        "-",
                        [
                            {
                                "Ref": "AWS::StackName"
                            },
                            "drop-1"
                        ]
                    ]
                },
                "Port": 80,
                "Protocol": "HTTP",
                "UnhealthyThresholdCount": 2,
                "VpcId": {
                    "Ref": "VPC"
                }
            }
        },
        "PublicLoadBalancerListener": {
            "Type": "AWS::ElasticLoadBalancingV2::Listener",
            "DependsOn": [
                "PublicLoadBalancer"
            ],
            "Properties": {
                "DefaultActions": [
                    {
                        "TargetGroupArn": {
                            "Ref": "DummyTargetGroupPublic"
                        },
                        "Type": "forward"
                    }
                ],
                "LoadBalancerArn": {
                    "Ref": "PublicLoadBalancer"
                },
                "Port": 80,
                "Protocol": "HTTP"
            }
        },
        "PrivateLoadBalancerSG": {
            "Type": "AWS::EC2::SecurityGroup",
            "Properties": {
                "GroupDescription": "Access to the internal load balancer",
                "VpcId": {
                    "Ref": "VPC"
                }
            }
        },
        "PrivateLoadBalancerIngressFromECS": {
            "Type": "AWS::EC2::SecurityGroupIngress",
            "Properties": {
                "Description": "Only accept traffic from a container in the container host security group",
                "GroupId": {
                    "Ref": "PrivateLoadBalancerSG"
                },
                "IpProtocol": -1,
                "SourceSecurityGroupId": {
                    "Ref": "EcsHostSecurityGroup"
                }
            }
        },
        "PrivateLoadBalancer": {
            "Type": "AWS::ElasticLoadBalancingV2::LoadBalancer",
            "Properties": {
                "Scheme": "internal",
                "LoadBalancerAttributes": [
                    {
                        "Key": "idle_timeout.timeout_seconds",
                        "Value": "30"
                    }
                ],
                "Subnets": [
                    {
                        "Ref": "PrivateSubnetOne"
                    },
                    {
                        "Ref": "PrivateSubnetTwo"
                    }
                ],
                "SecurityGroups": [
                    {
                        "Ref": "PrivateLoadBalancerSG"
                    }
                ]
            }
        },
        "DummyTargetGroupPrivate": {
            "Type": "AWS::ElasticLoadBalancingV2::TargetGroup",
            "Properties": {
                "HealthCheckIntervalSeconds": 6,
                "HealthCheckPath": "/",
                "HealthCheckProtocol": "HTTP",
                "HealthCheckTimeoutSeconds": 5,
                "HealthyThresholdCount": 2,
                "Name": {
                    "Fn::Join": [
                        "-",
                        [
                            {
                                "Ref": "AWS::StackName"
                            },
                            "drop-2"
                        ]
                    ]
                },
                "Port": 80,
                "Protocol": "HTTP",
                "UnhealthyThresholdCount": 2,
                "VpcId": {
                    "Ref": "VPC"
                }
            }
        },
        "PrivateLoadBalancerListener": {
            "Type": "AWS::ElasticLoadBalancingV2::Listener",
            "DependsOn": [
                "PrivateLoadBalancer"
            ],
            "Properties": {
                "DefaultActions": [
                    {
                        "TargetGroupArn": {
                            "Ref": "DummyTargetGroupPrivate"
                        },
                        "Type": "forward"
                    }
                ],
                "LoadBalancerArn": {
                    "Ref": "PrivateLoadBalancer"
                },
                "Port": 80,
                "Protocol": "HTTP"
            }
        },
        "ECSRole": {
            "Type": "AWS::IAM::Role",
            "Properties": {
                "AssumeRolePolicyDocument": {
                    "Statement": [
                        {
                            "Effect": "Allow",
                            "Principal": {
                                "Service": [
                                    "ecs.amazonaws.com"
                                ]
                            },
                            "Action": [
                                "sts:AssumeRole"
                            ]
                        }
                    ]
                },
                "Path": "/",
                "Policies": [
                    {
                        "PolicyName": "ecs-service",
                        "PolicyDocument": {
                            "Statement": [
                                {
                                    "Effect": "Allow",
                                    "Action": [
                                        "ec2:AttachNetworkInterface",
                                        "ec2:CreateNetworkInterface",
                                        "ec2:CreateNetworkInterfacePermission",
                                        "ec2:DeleteNetworkInterface",
                                        "ec2:DeleteNetworkInterfacePermission",
                                        "ec2:Describe*",
                                        "ec2:DetachNetworkInterface",
                                        "elasticloadbalancing:DeregisterInstancesFromLoadBalancer",
                                        "elasticloadbalancing:DeregisterTargets",
                                        "elasticloadbalancing:Describe*",
                                        "elasticloadbalancing:RegisterInstancesWithLoadBalancer",
                                        "elasticloadbalancing:RegisterTargets"
                                    ],
                                    "Resource": "*"
                                }
                            ]
                        }
                    }
                ]
            }
        }
    },
    "Outputs": {
        "ClusterName": {
            "Description": "The name of the ECS cluster",
            "Value": {
                "Ref": "ECSCluster"
            },
            "Export": {
                "Name": {
                    "Fn::Join": [
                        ":",
                        [
                            {
                                "Ref": "AWS::StackName"
                            },
                            "ClusterName"
                        ]
                    ]
                }
            }
        },
        "InternalUrl": {
            "Description": "The url of the internal load balancer",
            "Value": {
                "Fn::Join": [
                    "",
                    [
                        "http://",
                        {
                            "Fn::GetAtt": [
                                "PrivateLoadBalancer",
                                "DNSName"
                            ]
                        }
                    ]
                ]
            },
            "Export": {
                "Name": {
                    "Fn::Join": [
                        ":",
                        [
                            {
                                "Ref": "AWS::StackName"
                            },
                            "InternalUrl"
                        ]
                    ]
                }
            }
        },
        "ExternalUrl": {
            "Description": "The url of the external load balancer",
            "Value": {
                "Fn::Join": [
                    "",
                    [
                        "http://",
                        {
                            "Fn::GetAtt": [
                                "PublicLoadBalancer",
                                "DNSName"
                            ]
                        }
                    ]
                ]
            },
            "Export": {
                "Name": {
                    "Fn::Join": [
                        ":",
                        [
                            {
                                "Ref": "AWS::StackName"
                            },
                            "ExternalUrl"
                        ]
                    ]
                }
            }
        },
        "ECSRole": {
            "Description": "The ARN of the ECS role",
            "Value": {
                "Fn::GetAtt": [
                    "ECSRole",
                    "Arn"
                ]
            },
            "Export": {
                "Name": {
                    "Fn::Join": [
                        ":",
                        [
                            {
                                "Ref": "AWS::StackName"
                            },
                            "ECSRole"
                        ]
                    ]
                }
            }
        },
        "PublicListener": {
            "Description": "The ARN of the public load balancer's Listener",
            "Value": {
                "Ref": "PublicLoadBalancerListener"
            },
            "Export": {
                "Name": {
                    "Fn::Join": [
                        ":",
                        [
                            {
                                "Ref": "AWS::StackName"
                            },
                            "PublicListener"
                        ]
                    ]
                }
            }
        },
        "PrivateListener": {
            "Description": "The ARN of the public load balancer's Listener",
            "Value": {
                "Ref": "PrivateLoadBalancerListener"
            },
            "Export": {
                "Name": {
                    "Fn::Join": [
                        ":",
                        [
                            {
                                "Ref": "AWS::StackName"
                            },
                            "PrivateListener"
                        ]
                    ]
                }
            }
        },
        "VPCId": {
            "Description": "The ID of the VPC that this stack is deployed in",
            "Value": {
                "Ref": "VPC"
            },
            "Export": {
                "Name": {
                    "Fn::Join": [
                        ":",
                        [
                            {
                                "Ref": "AWS::StackName"
                            },
                            "VPCId"
                        ]
                    ]
                }
            }
        },
        "PublicSubnetOne": {
            "Description": "Public subnet one",
            "Value": {
                "Ref": "PublicSubnetOne"
            },
            "Export": {
                "Name": {
                    "Fn::Join": [
                        ":",
                        [
                            {
                                "Ref": "AWS::StackName"
                            },
                            "PublicSubnetOne"
                        ]
                    ]
                }
            }
        },
        "PublicSubnetTwo": {
            "Description": "Public subnet two",
            "Value": {
                "Ref": "PublicSubnetTwo"
            },
            "Export": {
                "Name": {
                    "Fn::Join": [
                        ":",
                        [
                            {
                                "Ref": "AWS::StackName"
                            },
                            "PublicSubnetTwo"
                        ]
                    ]
                }
            }
        },
        "PrivateSubnetOne": {
            "Description": "Private subnet one",
            "Value": {
                "Ref": "PrivateSubnetOne"
            },
            "Export": {
                "Name": {
                    "Fn::Join": [
                        ":",
                        [
                            {
                                "Ref": "AWS::StackName"
                            },
                            "PrivateSubnetOne"
                        ]
                    ]
                }
            }
        },
        "PrivateSubnetTwo": {
            "Description": "Private subnet two",
            "Value": {
                "Ref": "PrivateSubnetTwo"
            },
            "Export": {
                "Name": {
                    "Fn::Join": [
                        ":",
                        [
                            {
                                "Ref": "AWS::StackName"
                            },
                            "PrivateSubnetTwo"
                        ]
                    ]
                }
            }
        },
        "EcsHostSecurityGroup": {
            "Description": "A security group used to allow containers to receive traffic",
            "Value": {
                "Ref": "EcsHostSecurityGroup"
            },
            "Export": {
                "Name": {
                    "Fn::Join": [
                        ":",
                        [
                            {
                                "Ref": "AWS::StackName"
                            },
                            "EcsHostSecurityGroup"
                        ]
                    ]
                }
            }
        }
    }
}
