{
    "Transform": "StackMetrics",
    "Resources": {
        "Bucket1": {
            "Type": "AWS::S3::Bucket",
            "Metadata": {
                "Comment": "Suppressing typical rules for sample purposes only",
                "guard": {
                    "SuppressedRules": [
                        "S3_BUCKET_LOGGING_ENABLED",
                        "S3_BUCKET_PUBLIC_READ_PROHIBITED",
                        "S3_BUCKET_PUBLIC_WRITE_PROHIBITED",
                        "S3_BUCKET_REPLICATION_ENABLED",
                        "S3_BUCKET_VERSIONING_ENABLED",
                        "S3_BUCKET_DEFAULT_LOCK_ENABLED",
                        "S3_BUCKET_SERVER_SIDE_ENCRYPTION_ENABLED"
                    ]
                }
            }
        }
    }
}
