{
    "AWSTemplateFormatVersion": "2010-09-09",
    "Description": "AWS CloudFormation Sample Template Sample template EIP_With_Association: This template shows how to associate an Elastic IP address with an Amazon EC2 instance - you can use this same technique to associate an EC2 instance with an Elastic IP Address that is not created inside the template by replacing the EIP reference in the AWS::EC2::EIPAssoication resource type with the IP address of the external EIP. **WARNING** This template creates an Amazon EC2 instance and an Elastic IP Address. You will be billed for the AWS resources used if you create a stack from this template.",
    "Metadata": {
        "License": "Apache-2.0"
    },
    "Parameters": {
        "InstanceType": {
            "Description": "WebServer EC2 instance type",
            "Type": "String",
            "AllowedValues": [
                "t2.nano",
                "t2.micro",
                "t2.small",
                "t2.medium",
                "t2.large",
                "t2.xlarge",
                "t2.2xlarge",
                "t3.nano",
                "t3.micro",
                "t3.small",
                "t3.medium",
                "t3.large",
                "t3.xlarge",
                "t3.2xlarge",
                "m4.large",
                "m4.xlarge",
                "m4.2xlarge",
                "m4.4xlarge",
                "m4.10xlarge",
                "m5.large",
                "m5.xlarge",
                "m5.2xlarge",
                "m5.4xlarge",
                "c5.large",
                "c5.xlarge",
                "c5.2xlarge",
                "c5.4xlarge",
                "c5.9xlarge",
                "g3.8xlarge",
                "r5.large",
                "r5.xlarge",
                "r5.2xlarge",
                "r5.4xlarge",
                "r5.12xlarge",
                "i3.xlarge",
                "i3.2xlarge",
                "i3.4xlarge",
                "i3.8xlarge",
                "d2.xlarge",
                "d2.2xlarge",
                "d2.4xlarge",
                "d2.8xlarge"
            ],
            "Default": "t3.small",
            "ConstraintDescription": "must be a valid EC2 instance type."
        },
        "KeyName": {
            "Description": "Name of an existing EC2 KeyPair to enable SSH access to the instances",
            "Type": "AWS::EC2::KeyPair::KeyName",
            "ConstraintDescription": "must be the name of an existing EC2 KeyPair."
        },
        "SSHLocation": {
            "Description": "The IP address range that can be used to SSH to the EC2 instances",
            "Type": "String",
            "Default": "0.0.0.0/0",
            "MinLength": "9",
            "MaxLength": "18",
            "AllowedPattern": "(\\d{1,3})\\.(\\d{1,3})\\.(\\d{1,3})\\.(\\d{1,3})/(\\d{1,2})",
            "ConstraintDescription": "must be a valid IP CIDR range of the form x.x.x.x/x."
        },
        "LatestAmiId": {
            "Type": "AWS::SSM::Parameter::Value<AWS::EC2::Image::Id>",
            "Default": "/aws/service/ami-amazon-linux-latest/amzn2-ami-hvm-x86_64-gp2"
        },
        "Subnets": {
            "Type": "List<AWS::EC2::Subnet::Id>"
        }
    },
    "Resources": {
        "EC2Instance": {
            "Type": "AWS::EC2::Instance",
            "Properties": {
                "UserData": {
                    "Fn::Base64": {
                        "Fn::Join": [
                            "",
                            [
                                "IPAddress=",
                                {
                                    "Ref": "IPAddress"
                                }
                            ]
                        ]
                    }
                },
                "InstanceType": {
                    "Ref": "InstanceType"
                },
                "SubnetId": {
                    "Fn::Select": [
                        0,
                        {
                            "Ref": "Subnets"
                        }
                    ]
                },
                "SecurityGroups": [
                    {
                        "Ref": "InstanceSecurityGroup"
                    }
                ],
                "KeyName": {
                    "Ref": "KeyName"
                },
                "ImageId": {
                    "Ref": "LatestAmiId"
                }
            }
        },
        "InstanceSecurityGroup": {
            "Type": "AWS::EC2::SecurityGroup",
            "Properties": {
                "GroupDescription": "Enable SSH access",
                "SecurityGroupIngress": [
                    {
                        "IpProtocol": "tcp",
                        "FromPort": "22",
                        "ToPort": "22",
                        "CidrIp": {
                            "Ref": "SSHLocation"
                        }
                    }
                ]
            }
        },
        "IPAddress": {
            "Type": "AWS::EC2::EIP"
        },
        "IPAssoc": {
            "Type": "AWS::EC2::EIPAssociation",
            "Properties": {
                "InstanceId": {
                    "Ref": "EC2Instance"
                },
                "AllocationId": {
                    "Fn::GetAtt": [
                        "IPAddress",
                        "AllocationId"
                    ]
                }
            }
        }
    },
    "Outputs": {
        "InstanceId": {
            "Description": "InstanceId of the newly created EC2 instance",
            "Value": {
                "Ref": "EC2Instance"
            }
        },
        "InstanceIPAddress": {
            "Description": "IP address of the newly created EC2 instance",
            "Value": {
                "Ref": "IPAddress"
            }
        }
    }
}
