{
    "AWSTemplateFormatVersion": "2010-09-09",
    "Description": "This template creates (1) Linux and (3) Windows EC2 instances and joins them to Active Directory using the 'AWS-JoinDirectoryServiceDomain' SSM document via AD Connector or AWS Managed AD directory. By default, it relies on the DNS servers being used by the EC2 instances knowing how to resolve the AD domain (i.e., Route 53 Resolvers, DHCP OptionsSet), with an option to set the DNS servers manually on the EC2 instances, as necessary. Several methods used to initiate the domain join (1) Windows EC2 instance with inline SSM association (2) Windows and Linux EC2 instance with SSM association targeting EC2 instance IDs (3) Windows EC2 instance with SSM association targeting EC2 instance tags",
    "Metadata": {
        "AWS::CloudFormation::Interface": {
            "ParameterGroups": [
                {
                    "Label": {
                        "default": "Network Configuration"
                    },
                    "Parameters": [
                        "PrivateSubnet1ID",
                        "PrivateSubnet2ID"
                    ]
                },
                {
                    "Label": {
                        "default": "EC2 Instance Configuration"
                    },
                    "Parameters": [
                        "DomainMembersInstanceType",
                        "DomainMember1NetBIOSName",
                        "DomainMember2NetBIOSName",
                        "DomainMember3NetBIOSName",
                        "DomainMember4NetBIOSName",
                        "KeyPairName",
                        "DomainMembersLinuxInstanceProfile",
                        "DomainMembersWindowsInstanceProfile",
                        "DomainMembersSGID",
                        "EBSKMSKey",
                        "AMAZONLINUX2",
                        "WINFULLBASE",
                        "SSMLogsBucketName"
                    ]
                },
                {
                    "Label": {
                        "default": "Directory Services Configuration"
                    },
                    "Parameters": [
                        "DirectoryID",
                        "DirectoryName",
                        "DomainDNSServer1",
                        "DomainDNSServer2",
                        "DomainDNSServer3",
                        "DomainDNSServer4"
                    ]
                }
            ],
            "ParameterLabels": {
                "AMAZONLINUX2": {
                    "default": "SSM Parameter Value for Lastest Amazon Linux 2 AMI ID"
                },
                "DirectoryID": {
                    "default": "ID of the Directory (e.g., d-906764663a)"
                },
                "DirectoryName": {
                    "default": "Directory Name"
                },
                "DomainDNSServer1": {
                    "default": "Domain DNS Server 1"
                },
                "DomainDNSServer2": {
                    "default": "Domain DNS Server 2"
                },
                "DomainDNSServer3": {
                    "default": "Domain DNS Server 3"
                },
                "DomainDNSServer4": {
                    "default": "Domain DNS Server 4"
                },
                "DomainMember1NetBIOSName": {
                    "default": "Domain Member 1 NetBIOS Name"
                },
                "DomainMember2NetBIOSName": {
                    "default": "Domain Member 2 NetBIOS Name"
                },
                "DomainMember3NetBIOSName": {
                    "default": "Domain Member 3 NetBIOS Name"
                },
                "DomainMember4NetBIOSName": {
                    "default": "Domain Member 4 NetBIOS Name"
                },
                "DomainMembersInstanceType": {
                    "default": "Domain Members Instance Type"
                },
                "DomainMembersSGID": {
                    "default": "Domain Members Security Group"
                },
                "DomainMembersLinuxInstanceProfile": {
                    "default": "Domain Member Linux InstanceProfile"
                },
                "DomainMembersWindowsInstanceProfile": {
                    "default": "Domain Member Windows InstanceProfile"
                },
                "EBSKMSKey": {
                    "default": "Amazon EBS Volume KMS Key"
                },
                "KeyPairName": {
                    "default": "Key Pair Name"
                },
                "PrivateSubnet1ID": {
                    "default": "Private Subnet 1 ID"
                },
                "PrivateSubnet2ID": {
                    "default": "Private Subnet 2 ID"
                },
                "SSMLogsBucketName": {
                    "default": "SSM Logs Bucket Name"
                },
                "WINFULLBASE": {
                    "default": "SSM Parameter Value for Lastest Windows AMI ID"
                }
            }
        }
    },
    "Parameters": {
        "AMAZONLINUX2": {
            "Type": "AWS::SSM::Parameter::Value<AWS::EC2::Image::Id>",
            "Default": "/aws/service/ami-amazon-linux-latest/amzn2-ami-hvm-x86_64-ebs"
        },
        "DirectoryID": {
            "Description": "Directory ID",
            "Type": "String",
            "AllowedPattern": "^d-[0-9a-f]{10}$"
        },
        "DirectoryName": {
            "Description": "Fully qualified name of the on-premises directory, such as corp.example.com",
            "Type": "String",
            "AllowedPattern": "[a-zA-Z0-9-]+\\..+",
            "MaxLength": 25,
            "MinLength": 3
        },
        "DomainDNSServer1": {
            "Description": "(Optional) Domain DNS Server 1. If DNS servers are not set, then you need to ensure the DNS servers the EC2 instances are using can resolve the AD domain.",
            "Type": "String",
            "AllowedPattern": "^$|^(([0-9]|[1-9][0-9]|1[0-9]{2}|2[0-4][0-9]|25[0-5])\\.){3}([0-9]|[1-9][0-9]|1[0-9]{2}|2[0-4][0-9]|25[0-5])$"
        },
        "DomainDNSServer2": {
            "Description": "(Optional) Domain DNS Server 2. If DNS servers are not set, then you need to ensure the DNS servers the EC2 instances are using can resolve the AD domain.",
            "Type": "String",
            "AllowedPattern": "^$|^(([0-9]|[1-9][0-9]|1[0-9]{2}|2[0-4][0-9]|25[0-5])\\.){3}([0-9]|[1-9][0-9]|1[0-9]{2}|2[0-4][0-9]|25[0-5])$"
        },
        "DomainDNSServer3": {
            "Description": "(Optional) Domain DNS Server 3. If DNS servers are not set, then you need to ensure the DNS servers the EC2 instances are using can resolve the AD domain.",
            "Type": "String",
            "AllowedPattern": "^$|^(([0-9]|[1-9][0-9]|1[0-9]{2}|2[0-4][0-9]|25[0-5])\\.){3}([0-9]|[1-9][0-9]|1[0-9]{2}|2[0-4][0-9]|25[0-5])$"
        },
        "DomainDNSServer4": {
            "Description": "(Optional) Domain DNS Server 4. If DNS servers are not set, then you need to ensure the DNS servers the EC2 instances are using can resolve the AD domain.",
            "Type": "String",
            "AllowedPattern": "^$|^(([0-9]|[1-9][0-9]|1[0-9]{2}|2[0-4][0-9]|25[0-5])\\.){3}([0-9]|[1-9][0-9]|1[0-9]{2}|2[0-4][0-9]|25[0-5])$"
        },
        "DomainMember1NetBIOSName": {
            "Description": "NetBIOS name of Domain Member 1 (using inline SSM association). Note, if computer name existed in AD before, delete from AD first.",
            "Type": "String",
            "Default": "SERVER1",
            "AllowedPattern": "[a-zA-Z0-9-]+",
            "MaxLength": 15,
            "MinLength": 1
        },
        "DomainMember2NetBIOSName": {
            "Description": "NetBIOS name of Domain Member 2 (using SSM association via instance id). Note, if computer name existed in AD before, delete from AD first.",
            "Type": "String",
            "Default": "SERVER2",
            "AllowedPattern": "[a-zA-Z0-9-]+",
            "MaxLength": 15,
            "MinLength": 1
        },
        "DomainMember3NetBIOSName": {
            "Description": "NetBIOS name of Domain Member 3 (using SSM association via tag). Note, if computer name existed in AD before, delete from AD first.",
            "Type": "String",
            "Default": "SERVER3",
            "AllowedPattern": "[a-zA-Z0-9-]+",
            "MaxLength": 15,
            "MinLength": 1
        },
        "DomainMember4NetBIOSName": {
            "Description": "NetBIOS name of Domain Member 4 (AmazonLinux2)",
            "Type": "String",
            "Default": "SERVER4",
            "AllowedPattern": "[a-zA-Z0-9-]+",
            "MaxLength": 15,
            "MinLength": 1
        },
        "DomainMembersInstanceType": {
            "Description": "Amazon EC2 instance type for the AD Server instances",
            "Type": "String",
            "AllowedValues": [
                "t3.medium",
                "t3.large"
            ],
            "Default": "t3.medium"
        },
        "DomainMembersLinuxInstanceProfile": {
            "Description": "Existing IAM InstanceProfile with Linux EC2 seamless join domain rights",
            "Type": "String",
            "AllowedPattern": "[\\w+=,.@-]+"
        },
        "DomainMembersWindowsInstanceProfile": {
            "Description": "Existing IAM InstanceProfile with Windows EC2 seamless join domain rights",
            "Type": "String",
            "AllowedPattern": "[\\w+=,.@-]+"
        },
        "DomainMembersSGID": {
            "Description": "Security Group ID for Domain Members Security Group",
            "Type": "AWS::EC2::SecurityGroup::Id"
        },
        "EBSKMSKey": {
            "Description": "(Optional) KMS Alias, Key ID, Key ID ARN or Alias ARN to use for encrypting the EBS volumes. If empty, the default key for EBS encryption will be used of `alias/aws/ebs` or the CMK set as the default EBS encryption key.",
            "Type": "String",
            "AllowedPattern": "^$|(^alias/[a-zA-Z0-9/-]{1,256}$)|(^[a-z0-9]{8}-[a-z0-9]{4}-[a-z0-9]{4}-[a-z0-9]{4}-[a-z0-9]{12}$)|(^arn:(aws[a-z-]*)?:kms:.*:\\d{12}:key/[a-z0-9]{8}-[a-z0-9]{4}-[a-z0-9]{4}-[a-z0-9]{4}-[a-z0-9]{12}$)|(^arn:(aws[a-z-]*)?:kms:.*:\\d{12}:alias/[a-zA-Z0-9/-]{1,256}$)"
        },
        "KeyPairName": {
            "Description": "KeyPair for ONPREMISES INSTANCES",
            "Type": "AWS::EC2::KeyPair::KeyName"
        },
        "PrivateSubnet1ID": {
            "Description": "ID of the private subnet 1 in Availability Zone 1 (e.g., subnet-a0246dcd)",
            "Type": "AWS::EC2::Subnet::Id"
        },
        "PrivateSubnet2ID": {
            "Description": "ID of the private subnet 2 in Availability Zone 2 (e.g., subnet-a0246dcd)",
            "Type": "AWS::EC2::Subnet::Id"
        },
        "SSMLogsBucketName": {
            "Description": "(Optional) SSM Logs bucket name for where Systems Manager logs should store log files. SSM Logs bucket name can include numbers, lowercase letters, uppercase letters, and hyphens (-). It cannot start or end with a hyphen (-).",
            "Type": "String",
            "AllowedPattern": "^$|(?=^.{3,63}$)(?!.*[.-]{2})(?!.*[--]{2})(?!^(?:(25[0-5]|2[0-4][0-9]|1[0-9]{2}|[1-9]?[0-9])(\\.(?!$)|$)){4}$)(^(([a-z0-9]|[a-z0-9][a-z0-9\\-]*[a-z0-9])\\.)*([a-z0-9]|[a-z0-9][a-z0-9\\-]*[a-z0-9])$)",
            "ConstraintDescription": "SSM Logs bucket name can include numbers, lowercase letters, uppercase letters, and hyphens (-). It cannot start or end with a hyphen (-)."
        },
        "WINFULLBASE": {
            "Type": "AWS::SSM::Parameter::Value<AWS::EC2::Image::Id>",
            "Default": "/aws/service/ami-windows-latest/Windows_Server-2019-English-Full-Base"
        }
    },
    "Conditions": {
        "DomainDNSServer1Condition": {
            "Fn::Not": [
                {
                    "Fn::Equals": [
                        {
                            "Ref": "DomainDNSServer1"
                        },
                        ""
                    ]
                }
            ]
        },
        "DomainDNSServer2Condition": {
            "Fn::Not": [
                {
                    "Fn::Equals": [
                        {
                            "Ref": "DomainDNSServer2"
                        },
                        ""
                    ]
                }
            ]
        },
        "DomainDNSServer3Condition": {
            "Fn::Not": [
                {
                    "Fn::Equals": [
                        {
                            "Ref": "DomainDNSServer3"
                        },
                        ""
                    ]
                }
            ]
        },
        "DomainDNSServer4Condition": {
            "Fn::Not": [
                {
                    "Fn::Equals": [
                        {
                            "Ref": "DomainDNSServer4"
                        },
                        ""
                    ]
                }
            ]
        },
        "DomainDNSServersCondition": {
            "Fn::Or": [
                {
                    "Condition": "DomainDNSServer1Condition"
                },
                {
                    "Condition": "DomainDNSServer2Condition"
                },
                {
                    "Condition": "DomainDNSServer3Condition"
                },
                {
                    "Condition": "DomainDNSServer4Condition"
                }
            ]
        },
        "EBSKMSKeyCondition": {
            "Fn::Not": [
                {
                    "Fn::Equals": [
                        {
                            "Ref": "EBSKMSKey"
                        },
                        ""
                    ]
                }
            ]
        },
        "SSMLogsBucketCondition": {
            "Fn::Not": [
                {
                    "Fn::Equals": [
                        {
                            "Ref": "SSMLogsBucketName"
                        },
                        ""
                    ]
                }
            ]
        }
    },
    "Resources": {
        "DomainMember1WithInlineSsmAssociation": {
            "Type": "AWS::EC2::Instance",
            "Properties": {
                "ImageId": {
                    "Ref": "WINFULLBASE"
                },
                "IamInstanceProfile": {
                    "Ref": "DomainMembersWindowsInstanceProfile"
                },
                "SsmAssociations": [
                    {
                        "DocumentName": "AWS-JoinDirectoryServiceDomain",
                        "AssociationParameters": [
                            {
                                "Key": "directoryId",
                                "Value": [
                                    {
                                        "Ref": "DirectoryID"
                                    }
                                ]
                            },
                            {
                                "Key": "directoryName",
                                "Value": [
                                    {
                                        "Ref": "DirectoryName"
                                    }
                                ]
                            },
                            {
                                "Fn::If": [
                                    "DomainDNSServersCondition",
                                    {
                                        "Key": "dnsIpAddresses",
                                        "Value": [
                                            {
                                                "Fn::If": [
                                                    "DomainDNSServer1Condition",
                                                    {
                                                        "Ref": "DomainDNSServer1"
                                                    },
                                                    {
                                                        "Ref": "AWS::NoValue"
                                                    }
                                                ]
                                            },
                                            {
                                                "Fn::If": [
                                                    "DomainDNSServer2Condition",
                                                    {
                                                        "Ref": "DomainDNSServer2"
                                                    },
                                                    {
                                                        "Ref": "AWS::NoValue"
                                                    }
                                                ]
                                            },
                                            {
                                                "Fn::If": [
                                                    "DomainDNSServer3Condition",
                                                    {
                                                        "Ref": "DomainDNSServer3"
                                                    },
                                                    {
                                                        "Ref": "AWS::NoValue"
                                                    }
                                                ]
                                            },
                                            {
                                                "Fn::If": [
                                                    "DomainDNSServer4Condition",
                                                    {
                                                        "Ref": "DomainDNSServer4"
                                                    },
                                                    {
                                                        "Ref": "AWS::NoValue"
                                                    }
                                                ]
                                            }
                                        ]
                                    },
                                    {
                                        "Ref": "AWS::NoValue"
                                    }
                                ]
                            }
                        ]
                    }
                ],
                "InstanceType": {
                    "Ref": "DomainMembersInstanceType"
                },
                "SubnetId": {
                    "Ref": "PrivateSubnet1ID"
                },
                "Tags": [
                    {
                        "Key": "Name",
                        "Value": {
                            "Ref": "DomainMember1NetBIOSName"
                        }
                    }
                ],
                "BlockDeviceMappings": [
                    {
                        "DeviceName": "/dev/sda1",
                        "Ebs": {
                            "Encrypted": true,
                            "VolumeType": "gp3",
                            "DeleteOnTermination": true,
                            "VolumeSize": 100,
                            "KmsKeyId": {
                                "Fn::If": [
                                    "EBSKMSKeyCondition",
                                    {
                                        "Ref": "EBSKMSKey"
                                    },
                                    {
                                        "Ref": "AWS::NoValue"
                                    }
                                ]
                            }
                        }
                    }
                ],
                "SecurityGroupIds": [
                    {
                        "Ref": "DomainMembersSGID"
                    }
                ],
                "KeyName": {
                    "Ref": "KeyPairName"
                },
                "UserData": {
                    "Fn::Base64": {
                        "Fn::Sub": "<powershell>\n$instanceId = \"null\"\nwhile ($instanceId -NotLike \"i-*\") {\nStart-Sleep -s 3\n$instanceId = Invoke-RestMethod -uri http://169.254.169.254/latest/meta-data/instance-id\n}\nRename-Computer -NewName ${DomainMember1NetBIOSName} -Force\n# Set-TimeZone -Name \"US Eastern Standard Time\"\n\nInstall-WindowsFeature -IncludeAllSubFeature RSAT\nRestart-Computer -Force\n</powershell>\n"
                    }
                }
            }
        },
        "DomainMember2WithSsmAssociationInstance": {
            "Type": "AWS::EC2::Instance",
            "Properties": {
                "ImageId": {
                    "Ref": "WINFULLBASE"
                },
                "IamInstanceProfile": {
                    "Ref": "DomainMembersWindowsInstanceProfile"
                },
                "InstanceType": {
                    "Ref": "DomainMembersInstanceType"
                },
                "SubnetId": {
                    "Ref": "PrivateSubnet2ID"
                },
                "Tags": [
                    {
                        "Key": "Name",
                        "Value": {
                            "Ref": "DomainMember2NetBIOSName"
                        }
                    }
                ],
                "BlockDeviceMappings": [
                    {
                        "DeviceName": "/dev/sda1",
                        "Ebs": {
                            "Encrypted": true,
                            "VolumeType": "gp3",
                            "DeleteOnTermination": true,
                            "VolumeSize": 100,
                            "KmsKeyId": {
                                "Fn::If": [
                                    "EBSKMSKeyCondition",
                                    {
                                        "Ref": "EBSKMSKey"
                                    },
                                    {
                                        "Ref": "AWS::NoValue"
                                    }
                                ]
                            }
                        }
                    }
                ],
                "SecurityGroupIds": [
                    {
                        "Ref": "DomainMembersSGID"
                    }
                ],
                "KeyName": {
                    "Ref": "KeyPairName"
                },
                "UserData": {
                    "Fn::Base64": {
                        "Fn::Sub": "<powershell>\n$instanceId = \"null\"\nwhile ($instanceId -NotLike \"i-*\") {\nStart-Sleep -s 3\n$instanceId = Invoke-RestMethod -uri http://169.254.169.254/latest/meta-data/instance-id\n}\nRename-Computer -NewName ${DomainMember2NetBIOSName} -Force\n# Set-TimeZone -Name \"US Eastern Standard Time\"\n\nInstall-WindowsFeature -IncludeAllSubFeature RSAT\nRestart-Computer -Force\n</powershell>\n"
                    }
                }
            }
        },
        "DomainMember3WithSsmAssociationTag": {
            "Type": "AWS::EC2::Instance",
            "Properties": {
                "ImageId": {
                    "Ref": "WINFULLBASE"
                },
                "IamInstanceProfile": {
                    "Ref": "DomainMembersWindowsInstanceProfile"
                },
                "InstanceType": {
                    "Ref": "DomainMembersInstanceType"
                },
                "SubnetId": {
                    "Ref": "PrivateSubnet1ID"
                },
                "Tags": [
                    {
                        "Key": "Name",
                        "Value": {
                            "Ref": "DomainMember3NetBIOSName"
                        }
                    },
                    {
                        "Key": "DomainJoin",
                        "Value": {
                            "Ref": "DirectoryName"
                        }
                    }
                ],
                "BlockDeviceMappings": [
                    {
                        "DeviceName": "/dev/sda1",
                        "Ebs": {
                            "Encrypted": true,
                            "VolumeType": "gp3",
                            "DeleteOnTermination": true,
                            "VolumeSize": 100,
                            "KmsKeyId": {
                                "Fn::If": [
                                    "EBSKMSKeyCondition",
                                    {
                                        "Ref": "EBSKMSKey"
                                    },
                                    {
                                        "Ref": "AWS::NoValue"
                                    }
                                ]
                            }
                        }
                    }
                ],
                "SecurityGroupIds": [
                    {
                        "Ref": "DomainMembersSGID"
                    }
                ],
                "KeyName": {
                    "Ref": "KeyPairName"
                },
                "UserData": {
                    "Fn::Base64": {
                        "Fn::Sub": "<powershell>\n$instanceId = \"null\"\nwhile ($instanceId -NotLike \"i-*\") {\nStart-Sleep -s 3\n$instanceId = Invoke-RestMethod -uri http://169.254.169.254/latest/meta-data/instance-id\n}\nRename-Computer -NewName ${DomainMember3NetBIOSName} -Force\n# Set-TimeZone -Name \"US Eastern Standard Time\"\n\nInstall-WindowsFeature -IncludeAllSubFeature RSAT\nRestart-Computer -Force\n</powershell>\n"
                    }
                }
            }
        },
        "DomainMember4LinuxWithSsmAssociationInstance": {
            "Type": "AWS::EC2::Instance",
            "Properties": {
                "ImageId": {
                    "Ref": "AMAZONLINUX2"
                },
                "IamInstanceProfile": {
                    "Ref": "DomainMembersLinuxInstanceProfile"
                },
                "InstanceType": {
                    "Ref": "DomainMembersInstanceType"
                },
                "SubnetId": {
                    "Ref": "PrivateSubnet2ID"
                },
                "Tags": [
                    {
                        "Key": "Name",
                        "Value": {
                            "Ref": "DomainMember4NetBIOSName"
                        }
                    }
                ],
                "BlockDeviceMappings": [
                    {
                        "DeviceName": "/dev/sda1",
                        "Ebs": {
                            "Encrypted": true,
                            "VolumeType": "gp3",
                            "DeleteOnTermination": true,
                            "VolumeSize": 100,
                            "KmsKeyId": {
                                "Fn::If": [
                                    "EBSKMSKeyCondition",
                                    {
                                        "Ref": "EBSKMSKey"
                                    },
                                    {
                                        "Ref": "AWS::NoValue"
                                    }
                                ]
                            }
                        }
                    }
                ],
                "SecurityGroupIds": [
                    {
                        "Ref": "DomainMembersSGID"
                    }
                ],
                "KeyName": {
                    "Ref": "KeyPairName"
                },
                "UserData": {
                    "Fn::Base64": {
                        "Fn::Sub": "# Set HostName\nLowerEc2Name=$(echo ${DomainMember4NetBIOSName} | tr '[:upper:]' '[:lower:]')\nhostnamectl set-hostname $LowerEc2Name\n# Set TimeZone\n# sed -i 's|^ZONE=.*|ZONE=\"America/New_York\"|' /etc/sysconfig/clock\n# ln -sf /usr/share/zoneinfo/America/New_York /etc/localtime\n# Patch System Up\nyum update -y\n# Reboot\nreboot\n"
                    }
                }
            }
        },
        "JoinDomainAssociationInstances": {
            "Type": "AWS::SSM::Association",
            "Properties": {
                "AssociationName": {
                    "Fn::Sub": "JoinDomain-Association-viaInstances-${AWS::StackName}"
                },
                "Name": "AWS-JoinDirectoryServiceDomain",
                "OutputLocation": {
                    "S3Location": {
                        "Fn::If": [
                            "SSMLogsBucketCondition",
                            {
                                "OutputS3BucketName": {
                                    "Ref": "SSMLogsBucketName"
                                },
                                "OutputS3KeyPrefix": {
                                    "Fn::Sub": "ssm-association-logs/AWSLogs/${AWS::AccountId}/*"
                                }
                            },
                            {
                                "Ref": "AWS::NoValue"
                            }
                        ]
                    }
                },
                "Targets": [
                    {
                        "Key": "InstanceIds",
                        "Values": [
                            {
                                "Ref": "DomainMember2WithSsmAssociationInstance"
                            },
                            {
                                "Ref": "DomainMember4LinuxWithSsmAssociationInstance"
                            }
                        ]
                    }
                ],
                "Parameters": {
                    "directoryId": [
                        {
                            "Ref": "DirectoryID"
                        }
                    ],
                    "directoryName": [
                        {
                            "Ref": "DirectoryName"
                        }
                    ],
                    "dnsIpAddresses": {
                        "Fn::If": [
                            "DomainDNSServersCondition",
                            [
                                {
                                    "Fn::If": [
                                        "DomainDNSServer1Condition",
                                        {
                                            "Ref": "DomainDNSServer1"
                                        },
                                        {
                                            "Ref": "AWS::NoValue"
                                        }
                                    ]
                                },
                                {
                                    "Fn::If": [
                                        "DomainDNSServer2Condition",
                                        {
                                            "Ref": "DomainDNSServer2"
                                        },
                                        {
                                            "Ref": "AWS::NoValue"
                                        }
                                    ]
                                },
                                {
                                    "Fn::If": [
                                        "DomainDNSServer3Condition",
                                        {
                                            "Ref": "DomainDNSServer3"
                                        },
                                        {
                                            "Ref": "AWS::NoValue"
                                        }
                                    ]
                                },
                                {
                                    "Fn::If": [
                                        "DomainDNSServer4Condition",
                                        {
                                            "Ref": "DomainDNSServer4"
                                        },
                                        {
                                            "Ref": "AWS::NoValue"
                                        }
                                    ]
                                }
                            ],
                            {
                                "Ref": "AWS::NoValue"
                            }
                        ]
                    }
                }
            }
        },
        "JoinDomainAssociationTags": {
            "Type": "AWS::SSM::Association",
            "Properties": {
                "AssociationName": {
                    "Fn::Sub": "JoinDomain-Association-viaTags-${AWS::StackName}"
                },
                "Name": "AWS-JoinDirectoryServiceDomain",
                "OutputLocation": {
                    "S3Location": {
                        "Fn::If": [
                            "SSMLogsBucketCondition",
                            {
                                "OutputS3BucketName": {
                                    "Ref": "SSMLogsBucketName"
                                },
                                "OutputS3KeyPrefix": {
                                    "Fn::Sub": "ssm-association-logs/AWSLogs/${AWS::AccountId}/*"
                                }
                            },
                            {
                                "Ref": "AWS::NoValue"
                            }
                        ]
                    }
                },
                "Targets": [
                    {
                        "Key": "tag:DomainJoin",
                        "Values": [
                            {
                                "Ref": "DirectoryName"
                            }
                        ]
                    }
                ],
                "Parameters": {
                    "directoryId": [
                        {
                            "Ref": "DirectoryID"
                        }
                    ],
                    "directoryName": [
                        {
                            "Ref": "DirectoryName"
                        }
                    ],
                    "dnsIpAddresses": {
                        "Fn::If": [
                            "DomainDNSServersCondition",
                            [
                                {
                                    "Fn::If": [
                                        "DomainDNSServer1Condition",
                                        {
                                            "Ref": "DomainDNSServer1"
                                        },
                                        {
                                            "Ref": "AWS::NoValue"
                                        }
                                    ]
                                },
                                {
                                    "Fn::If": [
                                        "DomainDNSServer2Condition",
                                        {
                                            "Ref": "DomainDNSServer2"
                                        },
                                        {
                                            "Ref": "AWS::NoValue"
                                        }
                                    ]
                                },
                                {
                                    "Fn::If": [
                                        "DomainDNSServer3Condition",
                                        {
                                            "Ref": "DomainDNSServer3"
                                        },
                                        {
                                            "Ref": "AWS::NoValue"
                                        }
                                    ]
                                },
                                {
                                    "Fn::If": [
                                        "DomainDNSServer4Condition",
                                        {
                                            "Ref": "DomainDNSServer4"
                                        },
                                        {
                                            "Ref": "AWS::NoValue"
                                        }
                                    ]
                                }
                            ],
                            {
                                "Ref": "AWS::NoValue"
                            }
                        ]
                    }
                }
            }
        }
    }
}
