{
    "AWSTemplateFormatVersion": "2010-09-09",
    "Description": "AWS CloudFormation Sample Template ELBGuidedAutoScalingRollingUpdates: This example creates an auto scaling group behind a load balancer with a simple health check. The Auto Scaling launch configuration includes an update policy that will keep 2 instances running while doing an autoscaling rolling update. The update will roll forward only when the ELB health check detects an updated instance in-service. **WARNING** This template creates one or more Amazon EC2  instances and an Elastic Load Balancer. You will be billed for the AWS resources used if you create a stack from this template.",
    "Metadata": {
        "License": "Apache-2.0"
    },
    "Parameters": {
        "InstanceType": {
            "Description": "WebServer EC2 instance type",
            "Type": "String",
            "AllowedValues": [
                "t1.micro",
                "t2.nano",
                "t2.micro",
                "t2.small",
                "t2.medium",
                "t2.large",
                "m1.small",
                "m1.medium",
                "m1.large",
                "m1.xlarge",
                "m2.xlarge",
                "m2.2xlarge",
                "m2.4xlarge",
                "m3.medium",
                "m3.large",
                "m3.xlarge",
                "m3.2xlarge",
                "m4.large",
                "m4.xlarge",
                "m4.2xlarge",
                "m4.4xlarge",
                "m4.10xlarge",
                "c1.medium",
                "c1.xlarge",
                "c3.large",
                "c3.xlarge",
                "c3.2xlarge",
                "c3.4xlarge",
                "c3.8xlarge",
                "c4.large",
                "c4.xlarge",
                "c4.2xlarge",
                "c4.4xlarge",
                "c4.8xlarge",
                "g2.2xlarge",
                "g2.8xlarge",
                "r3.large",
                "r3.xlarge",
                "r3.2xlarge",
                "r3.4xlarge",
                "r3.8xlarge",
                "i2.xlarge",
                "i2.2xlarge",
                "i2.4xlarge",
                "i2.8xlarge",
                "d2.xlarge",
                "d2.2xlarge",
                "d2.4xlarge",
                "d2.8xlarge",
                "hs1.8xlarge",
                "cr1.8xlarge",
                "cc2.8xlarge"
            ],
            "Default": "t2.small",
            "ConstraintDescription": "must be a valid EC2 instance type."
        },
        "KeyName": {
            "Description": "Name of an existing EC2 KeyPair to enable SSH access to the instances",
            "Type": "AWS::EC2::KeyPair::KeyName",
            "ConstraintDescription": "must be the name of an existing EC2 KeyPair."
        },
        "SSHLocation": {
            "Description": "The IP address range that can be used to SSH to the EC2 instances",
            "Type": "String",
            "Default": "192.168.1.0/0",
            "MinLength": "9",
            "MaxLength": "18",
            "AllowedPattern": "(\\d{1,3})\\.(\\d{1,3})\\.(\\d{1,3})\\.(\\d{1,3})/(\\d{1,2})",
            "ConstraintDescription": "must be a valid IP CIDR range of the form x.x.x.x/x."
        },
        "LatestAmiId": {
            "Type": "AWS::SSM::Parameter::Value<AWS::EC2::Image::Id>",
            "Default": "/aws/service/ami-amazon-linux-latest/amzn2-ami-hvm-x86_64-gp2"
        }
    },
    "Mappings": {
        "Region2Examples": {
            "us-east-1": {
                "Examples": "https://s3.amazonaws.com/cloudformation-examples-us-east-1"
            },
            "us-west-2": {
                "Examples": "https://s3-us-west-2.amazonaws.com/cloudformation-examples-us-west-2"
            },
            "us-west-1": {
                "Examples": "https://s3-us-west-1.amazonaws.com/cloudformation-examples-us-west-1"
            },
            "eu-west-1": {
                "Examples": "https://s3-eu-west-1.amazonaws.com/cloudformation-examples-eu-west-1"
            },
            "eu-central-1": {
                "Examples": "https://s3-eu-central-1.amazonaws.com/cloudformation-examples-eu-central-1"
            },
            "ap-southeast-1": {
                "Examples": "https://s3-ap-southeast-1.amazonaws.com/cloudformation-examples-ap-southeast-1"
            },
            "ap-northeast-1": {
                "Examples": "https://s3-ap-northeast-1.amazonaws.com/cloudformation-examples-ap-northeast-1"
            },
            "ap-northeast-2": {
                "Examples": "https://s3-ap-northeast-2.amazonaws.com/cloudformation-examples-ap-northeast-2"
            },
            "ap-southeast-2": {
                "Examples": "https://s3-ap-southeast-2.amazonaws.com/cloudformation-examples-ap-southeast-2"
            },
            "ap-south-1": {
                "Examples": "https://s3-ap-south-1.amazonaws.com/cloudformation-examples-ap-south-1"
            },
            "us-east-2": {
                "Examples": "https://s3-us-east-2.amazonaws.com/cloudformation-examples-us-east-2"
            },
            "sa-east-1": {
                "Examples": "https://s3-sa-east-1.amazonaws.com/cloudformation-examples-sa-east-1"
            },
            "cn-north-1": {
                "Examples": "https://s3.cn-north-1.amazonaws.com.cn/cloudformation-examples-cn-north-1"
            }
        }
    },
    "Resources": {
        "WebServerGroup": {
            "CreationPolicy": {
                "ResourceSignal": {
                    "Timeout": "PT15M",
                    "Count": 2
                }
            },
            "UpdatePolicy": {
                "AutoScalingRollingUpdate": {
                    "MaxBatchSize": 1,
                    "MinInstancesInService": 1,
                    "PauseTime": "PT15M",
                    "WaitOnResourceSignals": true
                }
            },
            "Type": "AWS::AutoScaling::AutoScalingGroup",
            "Properties": {
                "AvailabilityZones": {
                    "Fn::GetAZs": null
                },
                "LaunchConfigurationName": {
                    "Ref": "LaunchConfig"
                },
                "MinSize": "2",
                "MaxSize": "4",
                "LoadBalancerNames": [
                    {
                        "Ref": "ElasticLoadBalancer"
                    }
                ]
            }
        },
        "LaunchConfig": {
            "Type": "AWS::AutoScaling::LaunchConfiguration",
            "Metadata": {
                "AWS::CloudFormation::Init": {
                    "configSets": {
                        "full_install": [
                            "install_cfn",
                            "install_app",
                            "verify_instance_health"
                        ]
                    },
                    "install_cfn": {
                        "files": {
                            "/etc/cfn/cfn-hup.conf": {
                                "content": {
                                    "Fn::Join": [
                                        "",
                                        [
                                            "[main] ",
                                            "stack=",
                                            {
                                                "Ref": "AWS::StackId"
                                            },
                                            " ",
                                            "region=",
                                            {
                                                "Ref": "AWS::Region"
                                            },
                                            " "
                                        ]
                                    ]
                                },
                                "mode": "000400",
                                "owner": "root",
                                "group": "root"
                            },
                            "/etc/cfn/hooks.d/cfn-auto-reloader.conf": {
                                "content": {
                                    "Fn::Join": [
                                        "",
                                        [
                                            "[cfn-auto-reloader-hook] ",
                                            "triggers=post.update ",
                                            "path=Resources.WebServerInstance.Metadata.AWS::CloudFormation::Init ",
                                            "action=/opt/aws/bin/cfn-init -v ",
                                            "         --stack ",
                                            {
                                                "Ref": "AWS::StackName"
                                            },
                                            "         --resource WebServerInstance ",
                                            "         --configsets full_install ",
                                            "         --region ",
                                            {
                                                "Ref": "AWS::Region"
                                            },
                                            " ",
                                            "runas=root "
                                        ]
                                    ]
                                }
                            }
                        },
                        "services": {
                            "sysvinit": {
                                "cfn-hup": {
                                    "enabled": "true",
                                    "ensureRunning": "true",
                                    "files": [
                                        "/etc/cfn/cfn-hup.conf",
                                        "/etc/cfn/hooks.d/cfn-auto-reloader.conf"
                                    ]
                                }
                            }
                        }
                    },
                    "install_app": {
                        "packages": {
                            "yum": {
                                "httpd": []
                            }
                        },
                        "files": {
                            "/var/www/html/index.html": {
                                "content": {
                                    "Fn::Join": [
                                        "",
                                        [
                                            "<img src=\"",
                                            {
                                                "Fn::FindInMap": [
                                                    "Region2Examples",
                                                    {
                                                        "Ref": "AWS::Region"
                                                    },
                                                    "Examples"
                                                ]
                                            },
                                            "/cloudformation_graphic.png\" alt=\"AWS CloudFormation Logo\"/>",
                                            "<h1>Congratulations, you have successfully launched the AWS CloudFormation sample.</h1>"
                                        ]
                                    ]
                                },
                                "mode": "000644",
                                "owner": "root",
                                "group": "root"
                            }
                        },
                        "services": {
                            "sysvinit": {
                                "httpd": {
                                    "enabled": "true",
                                    "ensureRunning": "true"
                                }
                            }
                        }
                    },
                    "verify_instance_health": {
                        "commands": {
                            "ELBHealthCheck": {
                                "command": {
                                    "Fn::Join": [
                                        "",
                                        [
                                            "until [ \"$state\" == \"\\\"InService\\\"\" ]; do ",
                                            "  state=$(aws --region ",
                                            {
                                                "Ref": "AWS::Region"
                                            },
                                            " elb describe-instance-health ",
                                            "              --load-balancer-name ",
                                            {
                                                "Ref": "ElasticLoadBalancer"
                                            },
                                            "              --instances $(curl -s http://169.254.169.254/latest/meta-data/instance-id) ",
                                            "              --query InstanceStates[0].State); ",
                                            "  sleep 10; ",
                                            "done"
                                        ]
                                    ]
                                }
                            }
                        }
                    }
                }
            },
            "Properties": {
                "KeyName": {
                    "Ref": "KeyName"
                },
                "ImageId": {
                    "Ref": "LatestAmiId"
                },
                "InstanceType": {
                    "Ref": "InstanceType"
                },
                "SecurityGroups": [
                    {
                        "Ref": "InstanceSecurityGroup"
                    }
                ],
                "IamInstanceProfile": {
                    "Ref": "WebServerInstanceProfile"
                },
                "UserData": {
                    "Fn::Base64": {
                        "Fn::Join": [
                            "",
                            [
                                "#!/bin/bash -xe ",
                                "yum update -y aws-cfn-bootstrap ",
                                "/opt/aws/bin/cfn-init -v ",
                                "         --stack ",
                                {
                                    "Ref": "AWS::StackName"
                                },
                                "         --resource LaunchConfig ",
                                "         --configsets full_install ",
                                "         --region ",
                                {
                                    "Ref": "AWS::Region"
                                },
                                " ",
                                "/opt/aws/bin/cfn-signal -e $? ",
                                "         --stack ",
                                {
                                    "Ref": "AWS::StackName"
                                },
                                "         --resource WebServerGroup ",
                                "         --region ",
                                {
                                    "Ref": "AWS::Region"
                                },
                                " "
                            ]
                        ]
                    }
                }
            }
        },
        "ElasticLoadBalancer": {
            "Type": "AWS::ElasticLoadBalancing::LoadBalancer",
            "Properties": {
                "AvailabilityZones": {
                    "Fn::GetAZs": null
                },
                "CrossZone": "true",
                "Listeners": [
                    {
                        "LoadBalancerPort": "80",
                        "InstancePort": "80",
                        "Protocol": "HTTP"
                    }
                ],
                "HealthCheck": {
                    "Target": "HTTP:80/",
                    "HealthyThreshold": "3",
                    "UnhealthyThreshold": "5",
                    "Interval": "30",
                    "Timeout": "5"
                }
            }
        },
        "InstanceSecurityGroup": {
            "Type": "AWS::EC2::SecurityGroup",
            "Properties": {
                "GroupDescription": "Enable SSH access and HTTP access on the configured port",
                "SecurityGroupIngress": [
                    {
                        "IpProtocol": "tcp",
                        "FromPort": "22",
                        "ToPort": "22",
                        "CidrIp": {
                            "Ref": "SSHLocation"
                        }
                    },
                    {
                        "IpProtocol": "tcp",
                        "FromPort": "80",
                        "ToPort": "80",
                        "CidrIp": "0.0.0.0/0"
                    }
                ]
            }
        },
        "WebServerInstanceProfile": {
            "Type": "AWS::IAM::InstanceProfile",
            "Properties": {
                "Path": "/",
                "Roles": [
                    {
                        "Ref": "DescribeHealthRole"
                    }
                ]
            }
        },
        "DescribeHealthRole": {
            "Type": "AWS::IAM::Role",
            "Properties": {
                "AssumeRolePolicyDocument": {
                    "Statement": [
                        {
                            "Effect": "Allow",
                            "Principal": {
                                "Service": [
                                    "ec2.amazonaws.com"
                                ]
                            },
                            "Action": [
                                "sts:AssumeRole"
                            ]
                        }
                    ]
                },
                "Path": "/",
                "Policies": [
                    {
                        "PolicyName": "describe-instance-health-policy",
                        "PolicyDocument": {
                            "Statement": [
                                {
                                    "Effect": "Allow",
                                    "Action": [
                                        "elasticloadbalancing:DescribeInstanceHealth"
                                    ],
                                    "Resource": "*"
                                }
                            ]
                        }
                    }
                ]
            }
        }
    },
    "Outputs": {
        "URL": {
            "Description": "URL of the website",
            "Value": {
                "Fn::Join": [
                    "",
                    [
                        "http://",
                        {
                            "Fn::GetAtt": [
                                "ElasticLoadBalancer",
                                "DNSName"
                            ]
                        }
                    ]
                ]
            }
        }
    }
}
