{
    "AWSTemplateFormatVersion": "2010-09-09",
    "Description": "A stack for deploying containerized applications in AWS Fargate. This stack runs containers in a public VPC subnet, and includes a public facing load balancer to register the services in.",
    "Mappings": {
        "SubnetConfig": {
            "VPC": {
                "CIDR": "10.0.0.0/16"
            },
            "PublicOne": {
                "CIDR": "10.0.0.0/24"
            },
            "PublicTwo": {
                "CIDR": "10.0.1.0/24"
            }
        }
    },
    "Resources": {
        "VPC": {
            "Type": "AWS::EC2::VPC",
            "Properties": {
                "EnableDnsSupport": true,
                "EnableDnsHostnames": true,
                "CidrBlock": {
                    "Fn::FindInMap": [
                        "SubnetConfig",
                        "VPC",
                        "CIDR"
                    ]
                }
            }
        },
        "PublicSubnetOne": {
            "Type": "AWS::EC2::Subnet",
            "Properties": {
                "AvailabilityZone": {
                    "Fn::Select": [
                        0,
                        {
                            "Fn::GetAZs": {
                                "Ref": "AWS::Region"
                            }
                        }
                    ]
                },
                "VpcId": {
                    "Ref": "VPC"
                },
                "CidrBlock": {
                    "Fn::FindInMap": [
                        "SubnetConfig",
                        "PublicOne",
                        "CIDR"
                    ]
                },
                "MapPublicIpOnLaunch": true
            }
        },
        "PublicSubnetTwo": {
            "Type": "AWS::EC2::Subnet",
            "Properties": {
                "AvailabilityZone": {
                    "Fn::Select": [
                        1,
                        {
                            "Fn::GetAZs": {
                                "Ref": "AWS::Region"
                            }
                        }
                    ]
                },
                "VpcId": {
                    "Ref": "VPC"
                },
                "CidrBlock": {
                    "Fn::FindInMap": [
                        "SubnetConfig",
                        "PublicTwo",
                        "CIDR"
                    ]
                },
                "MapPublicIpOnLaunch": true
            }
        },
        "InternetGateway": {
            "Type": "AWS::EC2::InternetGateway"
        },
        "GatewayAttachement": {
            "Type": "AWS::EC2::VPCGatewayAttachment",
            "Properties": {
                "VpcId": {
                    "Ref": "VPC"
                },
                "InternetGatewayId": {
                    "Ref": "InternetGateway"
                }
            }
        },
        "PublicRouteTable": {
            "Type": "AWS::EC2::RouteTable",
            "Properties": {
                "VpcId": {
                    "Ref": "VPC"
                }
            }
        },
        "PublicRoute": {
            "Type": "AWS::EC2::Route",
            "DependsOn": "GatewayAttachement",
            "Properties": {
                "RouteTableId": {
                    "Ref": "PublicRouteTable"
                },
                "DestinationCidrBlock": "0.0.0.0/0",
                "GatewayId": {
                    "Ref": "InternetGateway"
                }
            }
        },
        "PublicSubnetOneRouteTableAssociation": {
            "Type": "AWS::EC2::SubnetRouteTableAssociation",
            "Properties": {
                "SubnetId": {
                    "Ref": "PublicSubnetOne"
                },
                "RouteTableId": {
                    "Ref": "PublicRouteTable"
                }
            }
        },
        "PublicSubnetTwoRouteTableAssociation": {
            "Type": "AWS::EC2::SubnetRouteTableAssociation",
            "Properties": {
                "SubnetId": {
                    "Ref": "PublicSubnetTwo"
                },
                "RouteTableId": {
                    "Ref": "PublicRouteTable"
                }
            }
        },
        "ECSCluster": {
            "Type": "AWS::ECS::Cluster"
        },
        "FargateContainerSecurityGroup": {
            "Type": "AWS::EC2::SecurityGroup",
            "Properties": {
                "GroupDescription": "Access to the Fargate containers",
                "VpcId": {
                    "Ref": "VPC"
                }
            }
        },
        "EcsSecurityGroupIngressFromPublicALB": {
            "Type": "AWS::EC2::SecurityGroupIngress",
            "Properties": {
                "Description": "Ingress from the public ALB",
                "GroupId": {
                    "Ref": "FargateContainerSecurityGroup"
                },
                "IpProtocol": "-1",
                "SourceSecurityGroupId": {
                    "Ref": "PublicLoadBalancerSG"
                }
            }
        },
        "EcsSecurityGroupIngressFromSelf": {
            "Type": "AWS::EC2::SecurityGroupIngress",
            "Properties": {
                "Description": "Ingress from other containers in the same security group",
                "GroupId": {
                    "Ref": "FargateContainerSecurityGroup"
                },
                "IpProtocol": "-1",
                "SourceSecurityGroupId": {
                    "Ref": "FargateContainerSecurityGroup"
                }
            }
        },
        "PublicLoadBalancerSG": {
            "Type": "AWS::EC2::SecurityGroup",
            "Properties": {
                "GroupDescription": "Access to the public facing load balancer",
                "VpcId": {
                    "Ref": "VPC"
                },
                "SecurityGroupIngress": [
                    {
                        "CidrIp": "0.0.0.0/0",
                        "IpProtocol": "-1"
                    }
                ]
            }
        },
        "PublicLoadBalancer": {
            "Type": "AWS::ElasticLoadBalancingV2::LoadBalancer",
            "Properties": {
                "Scheme": "internet-facing",
                "LoadBalancerAttributes": [
                    {
                        "Key": "idle_timeout.timeout_seconds",
                        "Value": "30"
                    }
                ],
                "Subnets": [
                    {
                        "Ref": "PublicSubnetOne"
                    },
                    {
                        "Ref": "PublicSubnetTwo"
                    }
                ],
                "SecurityGroups": [
                    {
                        "Ref": "PublicLoadBalancerSG"
                    }
                ]
            }
        },
        "DummyTargetGroupPublic": {
            "Type": "AWS::ElasticLoadBalancingV2::TargetGroup",
            "Properties": {
                "HealthCheckIntervalSeconds": 6,
                "HealthCheckPath": "/",
                "HealthCheckProtocol": "HTTP",
                "HealthCheckTimeoutSeconds": 5,
                "HealthyThresholdCount": 2,
                "Name": {
                    "Fn::Join": [
                        "-",
                        [
                            {
                                "Ref": "AWS::StackName"
                            },
                            "drop-1"
                        ]
                    ]
                },
                "Port": 80,
                "Protocol": "HTTP",
                "UnhealthyThresholdCount": 2,
                "VpcId": {
                    "Ref": "VPC"
                }
            }
        },
        "PublicLoadBalancerListener": {
            "Type": "AWS::ElasticLoadBalancingV2::Listener",
            "Properties": {
                "DefaultActions": [
                    {
                        "TargetGroupArn": {
                            "Ref": "DummyTargetGroupPublic"
                        },
                        "Type": "forward"
                    }
                ],
                "LoadBalancerArn": {
                    "Ref": "PublicLoadBalancer"
                },
                "Port": 80,
                "Protocol": "HTTP"
            }
        },
        "ECSRole": {
            "Type": "AWS::IAM::Role",
            "Properties": {
                "AssumeRolePolicyDocument": {
                    "Statement": [
                        {
                            "Effect": "Allow",
                            "Principal": {
                                "Service": [
                                    "ecs.amazonaws.com"
                                ]
                            },
                            "Action": [
                                "sts:AssumeRole"
                            ]
                        }
                    ]
                },
                "Path": "/",
                "Policies": [
                    {
                        "PolicyName": "ecs-service",
                        "PolicyDocument": {
                            "Statement": [
                                {
                                    "Effect": "Allow",
                                    "Action": [
                                        "ec2:AttachNetworkInterface",
                                        "ec2:CreateNetworkInterface",
                                        "ec2:CreateNetworkInterfacePermission",
                                        "ec2:DeleteNetworkInterface",
                                        "ec2:DeleteNetworkInterfacePermission",
                                        "ec2:Describe*",
                                        "ec2:DetachNetworkInterface",
                                        "elasticloadbalancing:DeregisterInstancesFromLoadBalancer",
                                        "elasticloadbalancing:DeregisterTargets",
                                        "elasticloadbalancing:Describe*",
                                        "elasticloadbalancing:RegisterInstancesWithLoadBalancer",
                                        "elasticloadbalancing:RegisterTargets"
                                    ],
                                    "Resource": "*"
                                }
                            ]
                        }
                    }
                ]
            }
        },
        "ECSTaskExecutionRole": {
            "Type": "AWS::IAM::Role",
            "Properties": {
                "AssumeRolePolicyDocument": {
                    "Statement": [
                        {
                            "Effect": "Allow",
                            "Principal": {
                                "Service": [
                                    "ecs-tasks.amazonaws.com"
                                ]
                            },
                            "Action": [
                                "sts:AssumeRole"
                            ]
                        }
                    ]
                },
                "Path": "/",
                "Policies": [
                    {
                        "PolicyName": "AmazonECSTaskExecutionRolePolicy",
                        "PolicyDocument": {
                            "Statement": [
                                {
                                    "Effect": "Allow",
                                    "Action": [
                                        "ecr:GetAuthorizationToken",
                                        "ecr:BatchCheckLayerAvailability",
                                        "ecr:GetDownloadUrlForLayer",
                                        "ecr:BatchGetImage",
                                        "logs:CreateLogStream",
                                        "logs:PutLogEvents"
                                    ],
                                    "Resource": "*"
                                }
                            ]
                        }
                    }
                ]
            }
        }
    },
    "Outputs": {
        "ClusterName": {
            "Description": "The name of the ECS cluster",
            "Value": {
                "Ref": "ECSCluster"
            },
            "Export": {
                "Name": {
                    "Fn::Join": [
                        ":",
                        [
                            {
                                "Ref": "AWS::StackName"
                            },
                            "ClusterName"
                        ]
                    ]
                }
            }
        },
        "ExternalUrl": {
            "Description": "The url of the external load balancer",
            "Value": {
                "Fn::Join": [
                    "",
                    [
                        "http://",
                        {
                            "Fn::GetAtt": [
                                "PublicLoadBalancer",
                                "DNSName"
                            ]
                        }
                    ]
                ]
            },
            "Export": {
                "Name": {
                    "Fn::Join": [
                        ":",
                        [
                            {
                                "Ref": "AWS::StackName"
                            },
                            "ExternalUrl"
                        ]
                    ]
                }
            }
        },
        "ECSRole": {
            "Description": "The ARN of the ECS role",
            "Value": {
                "Fn::GetAtt": [
                    "ECSRole",
                    "Arn"
                ]
            },
            "Export": {
                "Name": {
                    "Fn::Join": [
                        ":",
                        [
                            {
                                "Ref": "AWS::StackName"
                            },
                            "ECSRole"
                        ]
                    ]
                }
            }
        },
        "ECSTaskExecutionRole": {
            "Description": "The ARN of the ECS role",
            "Value": {
                "Fn::GetAtt": [
                    "ECSTaskExecutionRole",
                    "Arn"
                ]
            },
            "Export": {
                "Name": {
                    "Fn::Join": [
                        ":",
                        [
                            {
                                "Ref": "AWS::StackName"
                            },
                            "ECSTaskExecutionRole"
                        ]
                    ]
                }
            }
        },
        "PublicListener": {
            "Description": "The ARN of the public load balancer's Listener",
            "Value": {
                "Ref": "PublicLoadBalancerListener"
            },
            "Export": {
                "Name": {
                    "Fn::Join": [
                        ":",
                        [
                            {
                                "Ref": "AWS::StackName"
                            },
                            "PublicListener"
                        ]
                    ]
                }
            }
        },
        "VPCId": {
            "Description": "The ID of the VPC that this stack is deployed in",
            "Value": {
                "Ref": "VPC"
            },
            "Export": {
                "Name": {
                    "Fn::Join": [
                        ":",
                        [
                            {
                                "Ref": "AWS::StackName"
                            },
                            "VPCId"
                        ]
                    ]
                }
            }
        },
        "PublicSubnetOne": {
            "Description": "Public subnet one",
            "Value": {
                "Ref": "PublicSubnetOne"
            },
            "Export": {
                "Name": {
                    "Fn::Join": [
                        ":",
                        [
                            {
                                "Ref": "AWS::StackName"
                            },
                            "PublicSubnetOne"
                        ]
                    ]
                }
            }
        },
        "PublicSubnetTwo": {
            "Description": "Public subnet two",
            "Value": {
                "Ref": "PublicSubnetTwo"
            },
            "Export": {
                "Name": {
                    "Fn::Join": [
                        ":",
                        [
                            {
                                "Ref": "AWS::StackName"
                            },
                            "PublicSubnetTwo"
                        ]
                    ]
                }
            }
        },
        "FargateContainerSecurityGroup": {
            "Description": "A security group used to allow Fargate containers to receive traffic",
            "Value": {
                "Ref": "FargateContainerSecurityGroup"
            },
            "Export": {
                "Name": {
                    "Fn::Join": [
                        ":",
                        [
                            {
                                "Ref": "AWS::StackName"
                            },
                            "FargateContainerSecurityGroup"
                        ]
                    ]
                }
            }
        }
    }
}
